source,tweet number,tweet,timestamp,compound,positive,neutral,negative
TheOnion,1,"""If one more person asks me for spiritual guidance in the face of adversity, I’m going to blow my fucking brains out."" https://t.co/kEGGJ3tCuR",2019-11-09 03:17:01+00:00,-0.4215,-0.4215,-0.4215,-0.4215
TheOnion,2,Report: Red Meat Linked To Contentedly Patting Belly https://t.co/tu1EXVBOhf https://t.co/Od2DDgBffW,2019-11-09 02:36:04+00:00,0.4404,0.4404,0.4404,0.4404
TheOnion,3,5 Things To Know About The Controversies Surrounding Jeffrey Epstein https://t.co/Gm988g3lui,2019-11-09 01:55:00+00:00,0.0,0.0,0.0,0.0
TheOnion,4,NHL Warns Hockey Fans That Banging On Glass Scares Players https://t.co/2ryE2m1spV https://t.co/gpjYb5DP7f,2019-11-09 01:14:03+00:00,-0.4215,-0.4215,-0.4215,-0.4215
TheOnion,5,"""The divorce was just finalized last week, and they tell you not to rush into anything, so that’s why I’m thinking 10 or 11 a.m. would be okay."" https://t.co/QrqrTwZikU",2019-11-09 00:33:00+00:00,0.0,0.0,0.0,0.0
TheOnion,6,Judge Orders Trump To Pay $2 Million For Charity Misuse https://t.co/hd7EzHg5Xr #WhatDoYouThink? https://t.co/bvJWZQGozR,2019-11-08 23:52:06+00:00,0.34,0.34,0.34,0.34
TheOnion,7,Study Finds 60% Of Parents Too Busy With Divorce To Worry About Football Safety https://t.co/fklEFhQUlU https://t.co/yLWfQDKRTB,2019-11-08 23:21:06+00:00,-0.0258,-0.0258,-0.0258,-0.0258
TheOnion,8,The Onion Fact Checks: Could Trump Be Impeached And Run Again? https://t.co/wuXJWx0pwJ,2019-11-08 22:50:07+00:00,0.0,0.0,0.0,0.0
TheOnion,9,Icy Road Conditions Lead To Multi-Deer Pileup On Highway https://t.co/l1lW6FF6oF https://t.co/SDg9KZTLVK,2019-11-08 22:19:07+00:00,-0.2732,-0.2732,-0.2732,-0.2732
TheOnion,10,‘The Onion’ Launches New Cover-Up Desk To Suppress Today’s Most Damning Stories https://t.co/vGe4satipB https://t.co/yXYXgjSvKW,2019-11-08 21:48:07+00:00,-0.5984,-0.5984,-0.5984,-0.5984
TheOnion,11,ABC News Fires Hot Mic For Converting Sound Waves Of Anchor Revealing Network Spiked Epstein Story https://t.co/iGusllTANl https://t.co/ve4VBabGMF,2019-11-08 21:17:05+00:00,0.0,0.0,0.0,0.0
TheOnion,12,Hallmark Apologizes For Role In Supplying Third Reich With Greeting Cards https://t.co/MYeDWHNg5c https://t.co/inOCcf4hxk,2019-11-08 20:46:04+00:00,0.6249,0.6249,0.6249,0.6249
TheOnion,13,Tips For Testifying Before Congress https://t.co/pVlvURabdZ https://t.co/dPJM9Y1DM1,2019-11-08 20:15:05+00:00,0.0,0.0,0.0,0.0
TheOnion,14,Jim Jordan Condemns Richard Strauss For Masturbating Right Before Big Match https://t.co/tn2vd9do0j https://t.co/K66Wjlm9nE,2019-11-08 19:44:20+00:00,-0.5106,-0.5106,-0.5106,-0.5106
TheOnion,15,Performance Art Thieves Rappel From MoMa Ceiling To Steal Nude Marina Abramović Whipping Self With Flaming Rose https://t.co/V0RDre8idc https://t.co/h4wFIXjpLi,2019-11-08 19:13:06+00:00,-0.7579,-0.7579,-0.7579,-0.7579
TheOnion,16,This Week's Onion Magazine: https://t.co/YmLq0WkAMa https://t.co/vi2lGA0Rqm,2019-11-08 18:42:07+00:00,0.0,0.0,0.0,0.0
TheOnion,17,"‘New Day, Same Bullshit,’ Whispers Dalai Lama Before Slapping On Smile To Greet The Masses https://t.co/7S3IY4x7ZE https://t.co/als4k1RXJ9",2019-11-08 18:11:06+00:00,0.5859,0.5859,0.5859,0.5859
TheOnion,18,Big Tech Donates Billions To Help With California Housing https://t.co/viWbQnioib #WhatDoYouThink? https://t.co/WLj50UkrRw,2019-11-08 17:40:09+00:00,0.4019,0.4019,0.4019,0.4019
TheOnion,19,Recently Divorced Dad Waiting For Right Time To Introduce Children To Woman He Hooked Up With Last Night https://t.co/8PHWOofC01 https://t.co/xHHenDbqP7,2019-11-08 17:09:05+00:00,0.0,0.0,0.0,0.0
TheOnion,20,Tips For Getting Started On ‘Death Stranding’ https://t.co/6kSdqeeRab https://t.co/tPcHMwajGH,2019-11-08 16:38:04+00:00,0.0,0.0,0.0,0.0
TheOnion,21,Man Dies After Secret 4-Year Battle With Gorilla https://t.co/TgY6lwmGMU https://t.co/RvtmivEzoN,2019-11-08 16:07:05+00:00,-0.3818,-0.3818,-0.3818,-0.3818
TheOnion,22,Cockroaches Feeling Very Optimistic About Future Of Planet https://t.co/z3MT71598p https://t.co/wAgGCveuZx,2019-11-08 15:36:07+00:00,0.4754,0.4754,0.4754,0.4754
TheOnion,23,Dunkin’ Donuts Unveils New Seasonal Rotting Jack-O’-Lantern Latte For End Of Fall https://t.co/2OFmdjT389 https://t.co/Q8R0GsNJue,2019-11-08 14:49:06+00:00,0.0,0.0,0.0,0.0
TheOnion,24,Dead Facebook Friend From High School Still Has Cartman Profile Picture https://t.co/ZqPWFFQC9c https://t.co/uyggu1MOAj,2019-11-08 14:02:06+00:00,-0.2732,-0.2732,-0.2732,-0.2732
TheOnion,25,Manager Slits Own Throat After Realizing Some Members Of Company Not On Same Page https://t.co/CaRCSnfIgt https://t.co/lpQXQajp3u,2019-11-08 13:15:07+00:00,0.0,0.0,0.0,0.0
TheOnion,26,Visit https://t.co/csf5QUbhed to see more from the standard bearer of global journalism. https://t.co/ub2fwxbwZG,2019-11-08 05:18:07+00:00,0.0,0.0,0.0,0.0
TheOnion,27,Middle-Aged Man Having Best Snacks Of His Life https://t.co/KEZLaDBzrn https://t.co/FtQDncNG5z,2019-11-08 04:37:05+00:00,0.6369,0.6369,0.6369,0.6369
TheOnion,28,RT @TheOnion: Bar Fight De-Escalates After Both Parties Unable To Tear Off T-Shirts https://t.co/nXBU7arpDd https://t.co/f1VQ1JRhpq,2019-11-08 03:56:00+00:00,0.0258,0.0258,0.0258,0.0258
TheOnion,29,Decorative Throw Pillow Positively Aching For A Quick Plump https://t.co/fNo4ypPTWQ https://t.co/la8Vl01Lg8,2019-11-08 03:15:06+00:00,0.0516,0.0516,0.0516,0.0516
TheOnion,30,".@BillGates: ""It’s heartbreaking to see so many afflicted people driven to delusions that wealthy people should pay higher taxes, and I intend to do everything I can to ensure it doesn’t become a nationwide epidemic."" https://t.co/0QSg3Pn7hO",2019-11-08 02:34:01+00:00,-0.2682,-0.2682,-0.2682,-0.2682
TheOnion,31,Breaking: Waiter Picking Up Napkin With Bare Hand https://t.co/7pb9XmEIPb https://t.co/t4YXutZBg2,2019-11-08 01:53:03+00:00,0.4939,0.4939,0.4939,0.4939
TheOnion,32,"""The Earth these days is home to nearly 8 billion of My precious children. Which makes it all the more difficult to explain why I’m always going out of My way to spoil actor, writer, and director @DaxShepard.” https://t.co/b1hgKOsuhZ",2019-11-08 01:12:00+00:00,0.228,0.228,0.228,0.228
TheOnion,33,RT @ClickHole: Major Disappointment: Last Night’s Memorial Concert For Tom Petty Only Had Enough Money For A Hologram Of His Foot https://t…,2019-11-08 00:31:01+00:00,-0.6249,-0.6249,-0.6249,-0.6249
TheOnion,34,How To Handle Gossip In The Workplace https://t.co/JenyniezKG https://t.co/UQAgO6EwSR,2019-11-07 23:50:08+00:00,-0.1779,-0.1779,-0.1779,-0.1779
TheOnion,35,Man Hoping People Notice How Many Folding Chairs He’s Carrying At Once https://t.co/m8RUfS44xN https://t.co/GRJEXNA3Mn,2019-11-07 23:09:04+00:00,0.4215,0.4215,0.4215,0.4215
TheOnion,36,"Democrats Make Major Gains In Virginia, Kentucky Elections https://t.co/6KB1r6WrdM #WhatDoYouThink? https://t.co/fAezamix6t",2019-11-07 22:28:05+00:00,0.34,0.34,0.34,0.34
TheOnion,37,‘Paw Patrol’ Writers Defend Episode Where German Shepherd Cop Shoots Unarmed Black Lab 17 Times In Back https://t.co/31C4r2DPhH https://t.co/w4eV0sldAK,2019-11-07 21:47:05+00:00,0.0,0.0,0.0,0.0
TheOnion,38,"‘No, God, No!’ Screams Agonized James Dean Disappearing From Heaven As Filmmakers Finish Constructing CGI https://t.co/cM2DKnKaKs https://t.co/AHFKgkyQhS",2019-11-07 21:16:06+00:00,0.0,0.0,0.0,0.0
TheOnion,39,Gates Foundation Pledges $25 Billion To Eradicate Whatever Disease Drives People To Support Taxing The Rich https://t.co/5T1Y02pLlG https://t.co/xkQ85M7vWI,2019-11-07 20:45:08+00:00,0.743,0.743,0.743,0.743
TheOnion,40,DNC Leaders Bury Heads In Hands After New Moderate Presidential Recruit Immediately Walks Into Oncoming Traffic https://t.co/yV4Ucnd3HF https://t.co/7dEt1JrYwy,2019-11-07 20:14:04+00:00,0.0,0.0,0.0,0.0
TheOnion,41,Man Watches Video About Habits Of Effective Artists So He Too Can Be Effective Artist https://t.co/ct597eLXd0 https://t.co/uwhSS2eVMT,2019-11-07 19:43:04+00:00,0.7351,0.7351,0.7351,0.7351
TheOnion,42,Bar Fight De-Escalates After Both Parties Unable To Tear Off T-Shirts https://t.co/nXBU7arpDd https://t.co/f1VQ1JRhpq,2019-11-07 19:12:07+00:00,0.0258,0.0258,0.0258,0.0258
TheOnion,43,"On This Day In History: November 7, 2012 https://t.co/QvqhLQVR2z https://t.co/6Q4vNMQQq8",2019-11-07 18:41:08+00:00,0.0,0.0,0.0,0.0
TheOnion,44,Billions Of Blessed Souls Forced To Wander Earth During Heavenly Fumigation https://t.co/TDIlGnjxFv https://t.co/lwbYpjVm7M,2019-11-07 18:04:09+00:00,0.7096,0.7096,0.7096,0.7096
TheOnion,45,NASA Sends Oven For Cookies To Space https://t.co/ht8SBZWuZ1 #WhatDoYouThink? https://t.co/zAUeFKSZbg,2019-11-07 17:27:03+00:00,0.0,0.0,0.0,0.0
TheOnion,46,Audience Participant Feels Like Drag Queen Deliberately Misconstruing His Answers https://t.co/2hShzOsAZD https://t.co/i8XnHqmhCT,2019-11-07 16:50:04+00:00,0.1531,0.1531,0.1531,0.1531
TheOnion,47,"""What can I say? I have a soft spot for the little guy. Guilty as charged!"" https://t.co/mAO7EVharg https://t.co/3rJK5t2bLG",2019-11-07 16:13:08+00:00,-0.4241,-0.4241,-0.4241,-0.4241
TheOnion,48,"Oh God, Teacher Arranged Desks In Giant Circle https://t.co/yuPJPf2feB https://t.co/gdHNJpph2B",2019-11-07 15:36:06+00:00,0.2732,0.2732,0.2732,0.2732
TheOnion,49,Guy In Philosophy Class Needs To Shut The Fuck Up https://t.co/1ZAUliaHtL https://t.co/tO7gdLVOwX,2019-11-07 14:49:06+00:00,-0.5423,-0.5423,-0.5423,-0.5423
TheOnion,50,Frustrated Nation Calls For Updated Zip-Line Infrastructure https://t.co/c9Tnphxr9J https://t.co/oEJSy7dFOI,2019-11-07 14:02:04+00:00,-0.5267,-0.5267,-0.5267,-0.5267
TheOnion,51,Everyone Still Remembers Time You Threw Up In 5th Grade https://t.co/3QoJUJ8jv8 https://t.co/DDUFNAx35l,2019-11-07 13:15:04+00:00,0.0,0.0,0.0,0.0
TheOnion,52,Man Recalls Simpler Time When He Only Masturbated To Still Images On Internet https://t.co/qLVECbiNaj https://t.co/NS6w6LZMOC,2019-11-07 04:39:05+00:00,0.0,0.0,0.0,0.0
TheOnion,53,"For the latest from the world’s most unstoppable media juggernaut, visit https://t.co/csf5QUbhed. https://t.co/2OGdKcn73Q",2019-11-07 03:52:05+00:00,-0.2716,-0.2716,-0.2716,-0.2716
TheOnion,54,Jaws Of Death Used To Stuff Woman Into Burning Car https://t.co/hUxNSpCKmj https://t.co/uk3s9jvN9J,2019-11-07 03:05:06+00:00,-0.5994,-0.5994,-0.5994,-0.5994
TheOnion,55,RT @TheOnion: Republicans Demand Whistleblower Reveal Their Identity In A Wide Open Field Where There’s A Clear Shot https://t.co/ak9ihctDk…,2019-11-07 02:18:00+00:00,0.2732,0.2732,0.2732,0.2732
TheOnion,56,U.S. Gives Formal Notice Of Exit From Paris Accords https://t.co/6Q1Bgd7Kwd #WhatDoYouThink? https://t.co/yGYB4WTMiA,2019-11-07 01:31:08+00:00,0.0,0.0,0.0,0.0
TheOnion,57,"""I’d love to end up somewhere where you can get decent sushi, but honestly, even going someplace warm for the winter would be worth being involved with a congregant’s child."" https://t.co/SQhWYmLGJR",2019-11-07 00:44:00+00:00,0.8834,0.8834,0.8834,0.8834
TheOnion,58,Man With No Real-Life Career Goals Knows Exact Job He’d Want In Harry Potter Universe https://t.co/mDyvY0y3dk https://t.co/gw913fm6b5,2019-11-06 23:57:05+00:00,-0.2263,-0.2263,-0.2263,-0.2263
TheOnion,59,"RT @TheOnion: ‘Ooh, Right In The Bean Bag,’ Says Wincing Surgeon Through Every Step Of Vasectomy https://t.co/2NoufypG1X https://t.co/ifUzt…",2019-11-06 23:10:01+00:00,0.0,0.0,0.0,0.0
TheOnion,60,RT @ClickHole: Alarming: 9 Out Of 10 Americans Have No Plan In Place Should Someone On Their Basketball Team Ever Pass Them The Ball https:…,2019-11-06 22:23:01+00:00,-0.4019,-0.4019,-0.4019,-0.4019
TheOnion,61,"Report: Oyster Cracker–Wise, Nation Doing Pretty Good https://t.co/DFuMowNDnl https://t.co/KgyiF0YPVS",2019-11-06 21:36:54+00:00,0.7269,0.7269,0.7269,0.7269
TheOnion,62,Sondland Changes Testimony To Confirm Quid Pro Quo Claims https://t.co/Ws2B2966ye #WhatDoYouThink? https://t.co/Gq7dSxy7Uc,2019-11-06 20:49:41+00:00,0.0,0.0,0.0,0.0
TheOnion,63,Ford CEO Worried He Never Bringing Back Jobs He Outsourced https://t.co/rtBKP8BEG9 https://t.co/b7fH3yRpwd,2019-11-06 20:02:06+00:00,-0.296,-0.296,-0.296,-0.296
TheOnion,64,Report: Little Help Here? https://t.co/Dmc4UMWfBz https://t.co/mhjsrXxtMe,2019-11-06 19:31:06+00:00,0.3415,0.3415,0.3415,0.3415
TheOnion,65,NRA Issues ‘F’ Rating To Bugs Bunny For Tying Up Guns Into Pretzel Shape https://t.co/BoReFe61qr https://t.co/HT7D1YfzWS,2019-11-06 19:00:16+00:00,0.0,0.0,0.0,0.0
TheOnion,66,RT @OnionGamers: What did the Argentine footballer say he loves about this EA Sports franchise? https://t.co/RsOY7hrBPs,2019-11-06 18:29:01+00:00,0.5719,0.5719,0.5719,0.5719
TheOnion,67,Republicans Demand Whistleblower Reveal Their Identity In A Wide Open Field Where There’s A Clear Shot https://t.co/ak9ihctDkr https://t.co/Ly8fMJ60jw,2019-11-06 17:58:04+00:00,0.2732,0.2732,0.2732,0.2732
TheOnion,68,Catholic Priest Stuck In Remote Backwater Town Thinking About Molesting Kid Just To Get Transferred https://t.co/CarbQ0WzAe https://t.co/4CLxCOjL2R,2019-11-06 17:27:06+00:00,-0.7003,-0.7003,-0.7003,-0.7003
TheOnion,69,"The U.S. decision to pull troops out of Syria that were assisting rebel forces has cleared the way for Turkey to ramp up military actions, escalating chaos in the region. The Onion provides a timeline of U.S. and Syrian relations. https://t.co/PlaoAMGjrO https://t.co/6LxvnNCggk",2019-11-06 17:08:00+00:00,-0.5994,-0.5994,-0.5994,-0.5994
TheOnion,70,Timeline Of U.S.–Syria Relations https://t.co/PlaoAMGjrO https://t.co/l3qBSL8isU,2019-11-06 16:50:03+00:00,0.0,0.0,0.0,0.0
TheOnion,71,"‘Ooh, Right In The Bean Bag,’ Says Wincing Surgeon Through Every Step Of Vasectomy https://t.co/2NoufypG1X https://t.co/ifUztQZjDG",2019-11-06 16:13:07+00:00,0.0,0.0,0.0,0.0
TheOnion,72,Congress Passes Bill To Add Armed Patrol To U.S. Poverty Line https://t.co/G9AqVjmR4M https://t.co/u3rk2OcM4L,2019-11-06 15:36:08+00:00,-0.5106,-0.5106,-0.5106,-0.5106
TheOnion,73,"Mom Locked In Infinite Loop Of Purchasing, Returning Items From Lord &amp; Taylor https://t.co/Yl22kNqd89 https://t.co/ibaJnSgZzH",2019-11-06 14:49:04+00:00,0.0,0.0,0.0,0.0
TheOnion,74,New Department Of Interior Program To Reduce Deer Population By Providing Free Condoms To Fawns https://t.co/APnsatSETD https://t.co/v8UWXsYG2b,2019-11-06 14:02:06+00:00,0.5106,0.5106,0.5106,0.5106
TheOnion,75,Narcissist Convinced Total Strangers Would Want His Organs https://t.co/UQ7I4AyfEv https://t.co/o16CGZGIQt,2019-11-06 13:15:06+00:00,0.4588,0.4588,0.4588,0.4588
TheOnion,76,RT @ClickHole: 4 Times Mark Cuban Begrudgingly Offered A Contestant A Deal On ‘Shark Tank’ Because The Contestant’s Sob Story Was About The…,2019-11-06 05:55:00+00:00,-0.25,-0.25,-0.25,-0.25
TheOnion,77,Dope Just Galumphing Where Life Takes Him https://t.co/rFYzsi9MXc https://t.co/drCqHIy1J4,2019-11-06 05:16:04+00:00,0.0,0.0,0.0,0.0
TheOnion,78,"To see more unmatched reporting, visit https://t.co/csf5QUbhed. https://t.co/sbYnpcZpXj",2019-11-06 04:37:07+00:00,-0.1513,-0.1513,-0.1513,-0.1513
TheOnion,79,"Man Just Going To Grab Guitar And Old Four-Track, Go Out To Cabin In Woods, Make Shittiest Album Anyone's Ever Heard https://t.co/0UwlKFgTcM https://t.co/SsIHh1lkPe",2019-11-06 03:58:06+00:00,-0.6597,-0.6597,-0.6597,-0.6597
TheOnion,80,"MTA officials confirmed the act of fare evasion will cause the floor to open up, sending the commuter down a chute connected to a windowless underground holding cell. https://t.co/ivSVsaD7UZ",2019-11-06 03:19:00+00:00,0.0,0.0,0.0,0.0
TheOnion,81,New Report Reveals Kentucky Seniors Forced To Endure Brutal Hazing From Freshman Players https://t.co/c9bUqdYhYO https://t.co/ouxSYU2FC5,2019-11-06 02:40:07+00:00,-0.7964,-0.7964,-0.7964,-0.7964
TheOnion,82,How To File A Lawsuit https://t.co/lwUObFi3U3,2019-11-06 02:01:00+00:00,-0.2263,-0.2263,-0.2263,-0.2263
TheOnion,83,"""Is there any other way to live?"" https://t.co/u1gaOhiKM5 https://t.co/kceYwJUaYp",2019-11-06 01:22:04+00:00,0.0,0.0,0.0,0.0
TheOnion,84,"""Until you’ve been in our kitchens and had to make a snap judgment about when to take the cake out of the oven, you’ll never understand what it’s like."" https://t.co/fvdhRFeY9t",2019-11-06 00:43:00+00:00,0.0,0.0,0.0,0.0
TheOnion,85,RT @ClickHole: Body Positivity Win! Dove Just Released A Powerful New Ad Campaign Announcing That In Their Eyes Everyone Is Fat https://t.c…,2019-11-06 00:04:00+00:00,0.8805,0.8805,0.8805,0.8805
TheOnion,86,Man’s Heart Stops As Speaker Asks Audience To Turn To Person Next To Them https://t.co/hH7o6JWrWe https://t.co/NtpsFJU730,2019-11-05 23:25:04+00:00,-0.1531,-0.1531,-0.1531,-0.1531
TheOnion,87,5 States Hold Major Elections https://t.co/Ys1GQ2E9Gx #WhatDoYouThink? https://t.co/WHB9qHayRU,2019-11-05 22:48:03+00:00,0.0,0.0,0.0,0.0
TheOnion,88,"Bad News, Gamers! ‘Mario &amp; Sonic At The Olympic Games Tokyo 2020’ Will Be The Last Game https://t.co/kHVuCepT1F https://t.co/hUicDPZZ5u",2019-11-05 22:14:04+00:00,-0.5848,-0.5848,-0.5848,-0.5848
TheOnion,89,Archaeological Dig Uncovers Ancient Race Of Skeleton People https://t.co/62Fmvr3obk https://t.co/TgA4CAFNrL,2019-11-05 21:42:38+00:00,0.0,0.0,0.0,0.0
TheOnion,90,NYC Opens $500 Million Decoy Subway Station To Catch Turnstile Jumpers https://t.co/xtJauRA4Cm https://t.co/ZbKNahpDg3,2019-11-05 21:08:02+00:00,0.0,0.0,0.0,0.0
TheOnion,91,So-Called Christian Has Erection https://t.co/fnDLa154Ms https://t.co/AWBeWR3bt4,2019-11-05 20:32:13+00:00,0.0,0.0,0.0,0.0
TheOnion,92,Hardline Pastry Chef Displays American Flag With Raspberry Cream Stripe To Honor Sacrifices Bakers Make Every Day https://t.co/Uro9vnS8cA https://t.co/D73SkqUvIi,2019-11-05 19:50:08+00:00,0.4939,0.4939,0.4939,0.4939
TheOnion,93,"This Week's Editorial Cartoon: ""Sperms And Conditions"" https://t.co/1BR0UZKjLq https://t.co/0Y0LDQKdqp",2019-11-05 19:19:07+00:00,0.0,0.0,0.0,0.0
TheOnion,94,Sighing Trump Sexual Assault Accusers Announce They’ll Try Coming Forward Again Next Week https://t.co/vQKCN6l16K https://t.co/nd62lZ5deI,2019-11-05 18:48:04+00:00,-0.5859,-0.5859,-0.5859,-0.5859
TheOnion,95,Coworker Apparently Just Going To Stare At Lunch In Microwave For Entire 3-Minute Cook Time https://t.co/ACcF6FkudY https://t.co/ZQrqtuz1c0,2019-11-05 18:17:05+00:00,0.0,0.0,0.0,0.0
TheOnion,96,"Maintaining The Mystery: To Avoid Spoiling ‘Death Stranding,’ Kojima Productions Has Canceled The Game At The Last Minute https://t.co/2h80oB3Hsg https://t.co/l883p1W5K2",2019-11-05 17:46:06+00:00,-0.296,-0.296,-0.296,-0.296
TheOnion,97,Sanders Calls His Medicare-For-All Plan ‘Much More Progressive’ Than Warrens https://t.co/9pblkZiSXb #WhatDoYouThink? https://t.co/L3Fdr7yim9,2019-11-05 17:15:07+00:00,0.0,0.0,0.0,0.0
TheOnion,98,Visa Introduces New Preloaded Debt Card https://t.co/RJCBnW85mC https://t.co/9F20bWOZzC,2019-11-05 16:44:07+00:00,-0.3612,-0.3612,-0.3612,-0.3612
TheOnion,99,"Your Horoscopes — Week Of November 5, 2019 https://t.co/opmsY3D1lo https://t.co/IBp9xQEeun",2019-11-05 16:13:04+00:00,0.0,0.0,0.0,0.0
TheOnion,100,Americans Demand New Form Of Media To Bridge Entertainment Gap While Looking From Laptop To Phone https://t.co/A5hR1KBjEN https://t.co/3E49CwyVf5,2019-11-05 15:26:02+00:00,0.3182,0.3182,0.3182,0.3182
TheOnion,101,Masochist Dog Enjoys Being Walked Around On Leash While Naked https://t.co/ZZYWJp5n1J https://t.co/u6FZKQ8jjI,2019-11-05 14:39:07+00:00,0.1531,0.1531,0.1531,0.1531
TheOnion,102,Man Who Skipped Airport’s Moving Walkway Immediately Realizes What An Arrogant Fool He’s Been https://t.co/Y3qLcX0uVQ https://t.co/uJXiARYmMD,2019-11-05 13:52:04+00:00,-0.7269,-0.7269,-0.7269,-0.7269
TheOnion,103,Grasshopper Dismembered By Future Supreme Court Justice https://t.co/MrdZSCnLFH https://t.co/Pf9GrYRpYI,2019-11-05 13:05:03+00:00,0.7906,0.7906,0.7906,0.7906
TheOnion,104,Woman Who Drinks 6 Cups Of Coffee Per Day Trying To Cut Down On Blue Light At Bedtime https://t.co/CL5ywKGXjZ https://t.co/f3iM5xd3Pi,2019-11-05 05:52:04+00:00,-0.2732,-0.2732,-0.2732,-0.2732
TheOnion,105,"For more exemplary journalism, visit https://t.co/csf5QUbhed. https://t.co/tKN2sZ6IDy",2019-11-05 05:01:06+00:00,0.0,0.0,0.0,0.0
TheOnion,106,Locker Room Reporter Still Hasn’t Gotten Used To Seeing Jerry Jones Naked https://t.co/adT92ahina https://t.co/yUHj3TMj1M,2019-11-05 04:10:06+00:00,0.0,0.0,0.0,0.0
TheOnion,107,"Studies by the Zwiebel Institute for Underhuman Enrichment have shown that just one hour a day of reading 'The Onion' is directly correlated with higher lifetime earnings, admission in Ivy League colleges, and higher testosterone levels. https://t.co/eBDyC9dqXx",2019-11-05 03:19:00+00:00,0.0,0.0,0.0,0.0
TheOnion,108,RT @ClickHole: Poor Guy: Dad Hasn’t Stopped Crying Since He Found Out The Mother’s Day Song He Wrote For Grandma In 2012 Wasn’t One Of Pitc…,2019-11-05 02:28:00+00:00,-0.7964,-0.7964,-0.7964,-0.7964
TheOnion,109,"""Elderflower? That’s definitely out, and this one seems to be mostly whiskey, but God only knows what gomme syrup is supposed to be."" https://t.co/rnPvQUsTmo",2019-11-05 01:37:00+00:00,0.5423,0.5423,0.5423,0.5423
TheOnion,110,New Law Requires Welfare Recipients To Submit Sweat To Prove How Hard They’re Looking For Job https://t.co/U3VbDEcz7U https://t.co/PiiuLNz0ak,2019-11-05 00:56:05+00:00,-0.1027,-0.1027,-0.1027,-0.1027
TheOnion,111,"""We’re truly sorry Mr. Spencer wasn’t able to espouse his hateful, anti-Semitic rhetoric during our interview, which would have easily secured at least 48 hours of nonstop coverage about whether it’s okay to say such things."" https://t.co/0Q6rje2Vv9",2019-11-05 00:15:01+00:00,0.6597,0.6597,0.6597,0.6597
TheOnion,112,Gay Teen Worried He Might Be Christian https://t.co/XTxbYTaqdC https://t.co/pwfeWUiD5j,2019-11-04 23:34:05+00:00,-0.296,-0.296,-0.296,-0.296
TheOnion,113,Report: It Going To Take A Lot More Than ‘Love Shack’ To Bring Wedding Guest Out To Dance Floor https://t.co/Ij5QqhnoSO https://t.co/KjKWdTXl0f,2019-11-04 22:53:05+00:00,0.0,0.0,0.0,0.0
TheOnion,114,"Emergency Responders Working To Dislodge Commercial Jet From Thick, Polluted Cloud Over New Delhi https://t.co/gks8wcO4wD https://t.co/o0hPPNML7F",2019-11-04 22:22:06+00:00,-0.6808,-0.6808,-0.6808,-0.6808
TheOnion,115,RT @ClickHole: Major Step Backwards For Science: A Group Of Leading Biologists At Stanford Has Lost Their Big Notebook Full Of Elephant Fac…,2019-11-04 21:51:00+00:00,-0.3182,-0.3182,-0.3182,-0.3182
TheOnion,116,"‘America Needs To Dream Bigger,’ Declares Aaron Sorkin To Burberry Employee Who Informed Him Coat He Wanted Out Of Stock https://t.co/OjOtgzz02q https://t.co/L3pQxKeNKt",2019-11-04 21:20:08+00:00,0.25,0.25,0.25,0.25
TheOnion,117,Popeyes Fried Chicken Sandwich Returns https://t.co/Df6HjkFRVg #WhatDoYouThink? https://t.co/fQkTax2k0f,2019-11-04 20:49:02+00:00,0.0,0.0,0.0,0.0
TheOnion,118,Google Launches ‘The Google’ For Older Adults https://t.co/OHhQS0BDwd https://t.co/bwHB4WlkFh,2019-11-04 20:18:07+00:00,0.0,0.0,0.0,0.0
TheOnion,119,"Report: Burying, Cremating Baby Boomers To Generate $200 Trillion In GDP https://t.co/m4u3U5zC6S https://t.co/cJycsUcphm",2019-11-04 19:47:08+00:00,0.0,0.0,0.0,0.0
TheOnion,120,A recent study suggesting that regular red meat consumption has negligible effects countered growing consensus that eating red meat is bad for you. The Onion takes a look at the history of studies about the effects of eating meat. https://t.co/PLsHIB8ahK https://t.co/7FGG8ZDgiv,2019-11-04 19:31:00+00:00,-0.4215,-0.4215,-0.4215,-0.4215
TheOnion,121,‘The Onion’ Announces New Nationwide Literacy Program Encouraging Kids To Read ‘The Onion’ For An Hour A Day https://t.co/p7IQbkTGKX https://t.co/ibcOjirGwG,2019-11-04 19:16:05+00:00,0.5267,0.5267,0.5267,0.5267
TheOnion,122,CNN Responds To Richard Spencer Comments By Apologizing For Not Getting Him To Say Those Things On The Show https://t.co/XMEmPdpq6l https://t.co/jnbbIuNjKS,2019-11-04 18:45:05+00:00,-0.0772,-0.0772,-0.0772,-0.0772
TheOnion,123,Man Spends Hours Surfing Internet Rather Than Dealing With Real Pressing Issues In ‘Harvest Moon: Light Of Hope’ https://t.co/5s9Htcggrf https://t.co/at0JirhXHf,2019-11-04 18:14:06+00:00,0.0,0.0,0.0,0.0
TheOnion,124,Cocktail Menu Scanned For Drink With Fewest Unfamiliar Ingredients https://t.co/mfjMw5EoeR https://t.co/BtAjrERKQ6,2019-11-04 17:37:04+00:00,0.0,0.0,0.0,0.0
TheOnion,125,Timeline Of Studies On The Effects Of Eating Meat https://t.co/PLsHIB8ahK https://t.co/aDvWvtLgq7,2019-11-04 17:00:38+00:00,0.0,0.0,0.0,0.0
TheOnion,126,Elite Preschool Boasts 95% Of Graduates Go On To Kindergarten https://t.co/P5vPXiDIdC https://t.co/flVNESa7Jv,2019-11-04 16:23:06+00:00,0.0,0.0,0.0,0.0
TheOnion,127,Head Of National Potato Council Declares U.S. In Midst Of Potato Renaissance https://t.co/l7M1nfHVnp https://t.co/7rr7n0tvaa,2019-11-04 15:36:05+00:00,0.0,0.0,0.0,0.0
TheOnion,128,ACLU Stresses That It Legal To Film Garbage Men In All 50 States If You Really Need To https://t.co/K7qg2QpABp https://t.co/tZLZDY9s6f,2019-11-04 14:49:05+00:00,-0.3612,-0.3612,-0.3612,-0.3612
TheOnion,129,Viewing Ads On Website Sole Way In Which Man Contributing To Economy https://t.co/w0YLYSt9XT https://t.co/VQO3y1YG5P,2019-11-04 14:02:07+00:00,0.0,0.0,0.0,0.0
TheOnion,130,Area Spoon Only Rinsed For Past 18 Months https://t.co/yqWKrHOQN1 https://t.co/a5bxrBcydH,2019-11-04 13:15:05+00:00,0.0,0.0,0.0,0.0
TheOnion,131,Nation Can’t Wait To Wake Up And Start Eating Again https://t.co/8ynuQExiPz https://t.co/PMsKU8c9BW,2019-11-04 04:40:04+00:00,0.0,0.0,0.0,0.0
TheOnion,132,Poll Shows Support For Impeachment Weakest Among Uncontacted Amazonian Tribes Who Know Nothing Of Our Ways https://t.co/zJTHsn6uTW https://t.co/z6ZxqMhKsE,2019-11-04 03:00:14+00:00,-0.1531,-0.1531,-0.1531,-0.1531
TheOnion,133,Apple Introduces Eggplant Emoji Covered In Sores https://t.co/5KzWu26wXx https://t.co/E4IcwAFwdo,2019-11-04 01:20:03+00:00,0.0,0.0,0.0,0.0
TheOnion,134,"Popeyes Escalates Chick-Fil-A Rivalry With New Sandwich Featuring Dan Cathy’s Battered, Fried Loved Ones https://t.co/NjA0alVdNo https://t.co/OPg3MY6Fye",2019-11-03 23:00:10+00:00,0.5994,0.5994,0.5994,0.5994
TheOnion,135,Goldfish Dying To Be Petted Just Once https://t.co/LobgT3XJQ2 https://t.co/gbXHg7Nhns,2019-11-03 22:00:09+00:00,0.0,0.0,0.0,0.0
TheOnion,136,"‘Hey You, Want To Be A Federal Judge?’ Says Mitch McConnell Pointing To Valet In Heritage Foundation Parking Lot https://t.co/PqkGDbCDyR https://t.co/5yinCDlZ0d",2019-11-03 20:20:06+00:00,0.0772,0.0772,0.0772,0.0772
TheOnion,137,New Report Finds Moving To Isolated Seaside Cottage Greatly Increases Productivity https://t.co/5wzPjyqt1E https://t.co/15I6riD2S4,2019-11-03 18:40:07+00:00,-0.3182,-0.3182,-0.3182,-0.3182
TheOnion,138,Self-Conscious NFL Referee Practices Raising Both Arms In Front Of Bathroom Mirror Before Game https://t.co/ePcxGnHLlE https://t.co/HWnfsLVkQC,2019-11-03 17:00:15+00:00,0.0,0.0,0.0,0.0
TheOnion,139,"‘Oh Jesus, Now What?’ Says Exhausted Trump Turning On News To See What Bullshit Thing President Did Today https://t.co/eLqQnofwlX https://t.co/FklpRZoWzd",2019-11-03 16:00:12+00:00,-0.743,-0.743,-0.743,-0.743
TheOnion,140,God Struggling To Remember How To Make Geodes https://t.co/cVGHDTscrR https://t.co/8FCBsqmzDS,2019-11-03 15:00:17+00:00,-0.1779,-0.1779,-0.1779,-0.1779
TheOnion,141,Silicon Valley Leaders Sit Down With Wildfire At Investment Meeting After Being Impressed By Its Rapid Expansion https://t.co/eaHer4xAcE https://t.co/LHdCohyfD7,2019-11-03 14:00:20+00:00,0.4767,0.4767,0.4767,0.4767
TheOnion,142,Vindman Says Ukraine Transcript Left Out Lengthy Sections Of Trump Bragging About Time He Was In Pizza Hut Commercial https://t.co/WeBxSLTAgH https://t.co/tSqsWQw6e4,2019-11-03 03:40:05+00:00,0.0,0.0,0.0,0.0
TheOnion,143,"Smiley Face Doodled On Check Commemorates Undeniable Chemistry Between Waiter, Ericson Family https://t.co/PHN59HqCFS https://t.co/FSZy9Ddsuv",2019-11-03 01:50:03+00:00,0.4019,0.4019,0.4019,0.4019
TheOnion,144,"Bernie Sanders Holds Secret Campaign Meeting With 15,000 Working-Class Democratic Donors https://t.co/AIT8oAejRp https://t.co/0yLCyIc17j",2019-11-03 00:00:19+00:00,0.0,0.0,0.0,0.0
TheOnion,145,Egyptian Conservationists Fight To Protect Dwindling Mummy Population https://t.co/GDXYAU9Ij4 https://t.co/yKvuTQnkcX,2019-11-02 22:10:04+00:00,0.0,0.0,0.0,0.0
TheOnion,146,"This Week's Editorial Cartoon: ""The Situation Is Getting Syria-ous"" https://t.co/vC3jPGmqI7 https://t.co/D8ugjG6ljs",2019-11-02 20:20:04+00:00,0.0,0.0,0.0,0.0
TheOnion,147,Adam Eaton Spends Nationals Parade In Secure Bunker As Team’s Designated Survivor https://t.co/wWywWgFOdv https://t.co/mPeETsmho5,2019-11-02 18:30:07+00:00,0.5994,0.5994,0.5994,0.5994
TheOnion,148,"‘Again, Again, Again!’ Exclaims Clapping, Grinning Trump After Sixth Time Watching Abu Bakr Al-Baghdadi Death Video https://t.co/Hjul9P4uVb https://t.co/LmKHsmWAlz",2019-11-02 17:00:14+00:00,-0.4003,-0.4003,-0.4003,-0.4003
TheOnion,149,Apartment Manager Already Knows To Look Out For Tenant Sending In Minnie Mouse Checks https://t.co/xuRHcrSkVg https://t.co/pk2qIGcqYJ,2019-11-02 15:30:07+00:00,0.0,0.0,0.0,0.0
TheOnion,150,Congress Clears Boeing Of All Wrongdoing After Being Appointed Very Special Junior Pilots https://t.co/c4O2er26dy https://t.co/9bQEliWI52,2019-11-02 14:00:24+00:00,0.5095,0.5095,0.5095,0.5095
TheOnion,151,Area Woman Almost Imagines Taste Of Peppermint Mocha On Tongue But Stops Herself https://t.co/j9wJTYIkse https://t.co/gLJ2x1hPmL,2019-11-02 12:30:08+00:00,-0.2263,-0.2263,-0.2263,-0.2263
TheOnion,152,RT @ClickHole: So Awesome: This Couple Cut Into Their Gender Reveal Cake And A Swarm Of Locusts Flew Out To Indicate Their Baby Will Be An…,2019-11-02 04:43:00+00:00,0.6299,0.6299,0.6299,0.6299
TheOnion,153,"For more world-renowned reportage, visit https://t.co/csf5QUbhed. https://t.co/60vMyLPhyp",2019-11-02 03:56:03+00:00,0.0,0.0,0.0,0.0
TheOnion,154,Local Teen Would Choose Gun With Night Vision Laser Scope If He Joined Army https://t.co/TS4oKNl14x https://t.co/J0PAiFyUHZ,2019-11-02 03:09:08+00:00,-0.1027,-0.1027,-0.1027,-0.1027
TheOnion,155,RT @TheOnion: MSNBC Poll Finds Support For Bernie Sanders Has Plummeted 2 Points Up https://t.co/9A9K9D5tY6 https://t.co/cl40Fps3E8,2019-11-02 02:22:00+00:00,0.4019,0.4019,0.4019,0.4019
TheOnion,156,Dad Apparently Using Spanish Accent To Pronounce Middle Eastern Food Now https://t.co/WO6C8unGhC https://t.co/2tcPTN8BFI,2019-11-02 01:35:03+00:00,0.0,0.0,0.0,0.0
TheOnion,157,RT @KartoonistKelly: Haters not gonna Hoot: https://t.co/1AX8yg5w0I,2019-11-02 00:48:01+00:00,-0.4939,-0.4939,-0.4939,-0.4939
TheOnion,158,How did you celebrate Halloween?https://t.co/EcpH9EbDLF https://t.co/r5w9YWU9lp,2019-11-02 00:01:05+00:00,0.5719,0.5719,0.5719,0.5719
TheOnion,159,Everything You Need To Know About ‘Death Stranding’ https://t.co/McZ3VzWtAp https://t.co/BtztTi5wxX,2019-11-01 23:14:02+00:00,0.0,0.0,0.0,0.0
TheOnion,160,"On This Day In History: November 1, 1926 https://t.co/NfFWblKAvK https://t.co/XEhbKMuHgu",2019-11-01 22:37:04+00:00,0.0,0.0,0.0,0.0
TheOnion,161,RT @ClickHole: Not Fooling Anyone: This Middle Schooler Who’s Loudly Claiming He Already Lost His Virginity Obviously Doesn’t Realize Every…,2019-11-01 22:00:00+00:00,-0.0108,-0.0108,-0.0108,-0.0108
TheOnion,162,Everything You Need To Know About ‘Luigi's Mansion 3’ https://t.co/sHsHSuorkn https://t.co/vg979GwXlV,2019-11-01 21:23:04+00:00,0.0,0.0,0.0,0.0
TheOnion,163,New Exhibit At Dallas Visitor’s Center Focuses On Things That Went Right During JFK’s November 1963 Visit https://t.co/WjjRdkKtlG https://t.co/hwSp7lNonQ,2019-11-01 20:46:09+00:00,0.0,0.0,0.0,0.0
TheOnion,164,House Formalizes Impeachment Proceedings https://t.co/ePQDNxXx8u #WhatDoYouThink? https://t.co/Zd6cpZQalf,2019-11-01 20:09:08+00:00,0.0,0.0,0.0,0.0
TheOnion,165,We Imprison Hideo Kojima In An Interview Room Until He Breaks Down And Admits He’s Just Making Shit Up As He Goes Along https://t.co/mXVoMEfQ3b https://t.co/wNUxukzTGV,2019-11-01 19:32:06+00:00,-0.34,-0.34,-0.34,-0.34
TheOnion,166,Man Who Has Not Owned Console Since 2009 Thoughtfully Scans Fifth ‘Death Stranding’ Review Of Day https://t.co/bd1vcccazv https://t.co/iz5xiSkHUK,2019-11-01 18:55:08+00:00,0.4019,0.4019,0.4019,0.4019
TheOnion,167,TC Energy Says Keystone Pipeline Failed Due To Protestors Making It Lose Confidence In Itself https://t.co/8fEBSR2epv https://t.co/nehptKKLh4,2019-11-01 18:18:05+00:00,-0.1531,-0.1531,-0.1531,-0.1531
TheOnion,168,MSNBC Poll Finds Support For Bernie Sanders Has Plummeted 2 Points Up https://t.co/9A9K9D5tY6 https://t.co/cl40Fps3E8,2019-11-01 17:41:05+00:00,0.4019,0.4019,0.4019,0.4019
TheOnion,169,‘Sesame Street’ Introduces Paranoid-Schizophrenic Muppet To Educate Kids About Pat Sajak Stealing Your Empty Tuna Cans https://t.co/GBKWf9ES1l https://t.co/0fMwXj34Ms,2019-11-01 17:04:06+00:00,-0.6705,-0.6705,-0.6705,-0.6705
TheOnion,170,This Week's Onion Magazine: https://t.co/RqDYP5wLUu https://t.co/zvNaW75DBZ,2019-11-01 16:27:32+00:00,0.0,0.0,0.0,0.0
TheOnion,171,‘Someone’s In Here!’ Says Man In Restroom Asserting Own Existence For First Time In Months https://t.co/DwsRu8Yk3v https://t.co/zObcBGXcys,2019-11-01 15:50:05+00:00,0.0,0.0,0.0,0.0
TheOnion,172,NCAA To Allow Compensation For College Athletes https://t.co/ivw4fsdQKk #WhatDoYouThink? https://t.co/IJkCsCLACx,2019-11-01 15:13:13+00:00,0.2263,0.2263,0.2263,0.2263
TheOnion,173,"Unemployed, Miserable Man Still Remembers Teacher Who First Made Him Fall In Love With Writing https://t.co/wy951bLdAF https://t.co/jBb4nq5tP4",2019-11-01 14:36:05+00:00,0.25,0.25,0.25,0.25
TheOnion,174,Man Entirely Different Misogynist Online Than In Real Life https://t.co/Zj5v0x0K7t https://t.co/hjq79ZrPP1,2019-11-01 13:49:04+00:00,0.0,0.0,0.0,0.0
TheOnion,175,FDA Approves First Artificial Tumor https://t.co/gprRhvdsSR https://t.co/VZ0a5VyFV9,2019-11-01 13:02:06+00:00,0.0258,0.0258,0.0258,0.0258
TheOnion,176,Unpopular Kid Having Trouble Fitting In At Home https://t.co/VmvBrYxXht https://t.co/56ego56d7r,2019-11-01 12:15:05+00:00,-0.4019,-0.4019,-0.4019,-0.4019
TheOnion,177,Family Without Candy Sits Huddled In Darkened House Like Londoners During The Blitz https://t.co/dT5yvsqTMi https://t.co/DwG4i4AWzE,2019-11-01 03:25:05+00:00,0.3612,0.3612,0.3612,0.3612
TheOnion,178,Visit https://t.co/csf5QUbhed to see more from the standard bearer of global journalism. https://t.co/GhPJb2sy6k,2019-11-01 02:48:04+00:00,0.0,0.0,0.0,0.0
TheOnion,179,Alpha Trick-Or-Treater Established By Third House https://t.co/t9yXr1B7vG https://t.co/e7RtsxEgaX,2019-11-01 02:11:07+00:00,0.0,0.0,0.0,0.0
TheOnion,180,RT @TheOnion: Apple Introduces Eggplant Emoji Covered In Sores https://t.co/W3EkWBr4oq https://t.co/MEXzQh1zYV,2019-11-01 01:34:00+00:00,0.0,0.0,0.0,0.0
TheOnion,181,Toddler Shits Her Way Through 3rd Halloween Costume Of Night https://t.co/MyeiMEwJXt https://t.co/CCUJkhXotv,2019-11-01 00:57:02+00:00,-0.4767,-0.4767,-0.4767,-0.4767
TheOnion,182,"RT @KartoonistKelly: Only one more shopping day until ""Day of the Dead"": https://t.co/8mZx0Qs7bs",2019-11-01 00:20:00+00:00,0.0,0.0,0.0,0.0
TheOnion,183,Real-Life Van Helsing Runs Over Kid In Vampire Costume https://t.co/HJ1tA13u1J https://t.co/a0YdOFvhqn,2019-10-31 23:43:07+00:00,0.0,0.0,0.0,0.0
TheOnion,184,"""It’s great to finally get a ring, but it’ll be a little bittersweet to celebrate with a bunch of D.C. bureaucrats who are just looking for something to do."" https://t.co/isrWr7wmFS",2019-10-31 23:06:00+00:00,0.8017,0.8017,0.8017,0.8017
TheOnion,185,Man Asks Every Trick-Or-Treater If They’re The Real Dracula Just In Case https://t.co/5AgFwl1oD2 https://t.co/TCixpCJwQO,2019-10-31 22:29:06+00:00,0.0,0.0,0.0,0.0
TheOnion,186,Poll Shows Support For Impeachment Weakest Among Uncontacted Amazonian Tribes Who Know Nothing Of Our Ways https://t.co/qbzcgCXI51 https://t.co/CyM8S9zPR0,2019-10-31 21:52:04+00:00,-0.1531,-0.1531,-0.1531,-0.1531
TheOnion,187,RT @ClickHole: Absolutely Adorable: This 4-Year-Old’s Hero Is The Centaur That Comes Out Of The Woods To Eat His Family’s Garbage https://t…,2019-10-31 21:15:06+00:00,0.796,0.796,0.796,0.796
TheOnion,188,Twitter Drops All Political Ads https://t.co/xdXaIOO9hH #WhatDoYouThink? https://t.co/eAgPD6mqHE,2019-10-31 20:38:06+00:00,0.0,0.0,0.0,0.0
TheOnion,189,Woman Passing Out Candy Unsure Whether To Give Some To Teen Mom Too https://t.co/HtvaoRTuOY https://t.co/Kubl2sP774,2019-10-31 20:01:11+00:00,-0.25,-0.25,-0.25,-0.25
TheOnion,190,Apple Introduces Eggplant Emoji Covered In Sores https://t.co/W3EkWBr4oq https://t.co/MEXzQh1zYV,2019-10-31 19:24:03+00:00,0.0,0.0,0.0,0.0
TheOnion,191,"RT @KartoonistKelly: The ""terror"" of Halloween just got kicked up a notch. My latest:  https://t.co/UO3SGk6gOZ",2019-10-31 18:53:00+00:00,0.0,0.0,0.0,0.0
TheOnion,192,"‘Hey You, Want To Be A Federal Judge?’ Says Mitch McConnell Pointing To Valet In Heritage Foundation Parking Lot https://t.co/SadZmKUZi7 https://t.co/Q5GiauUuA3",2019-10-31 18:16:03+00:00,0.0772,0.0772,0.0772,0.0772
TheOnion,193,Nationals Admit World Series Win Would Be Way Sweeter If Franchise Was Still In Montréal https://t.co/YkRpjhYg8h https://t.co/DHa72yrsWu,2019-10-31 17:45:21+00:00,0.6808,0.6808,0.6808,0.6808
TheOnion,194,5 Things To Know About ‘The Irishman’ https://t.co/sYxtxLk2Kf,2019-10-31 17:06:00+00:00,0.0,0.0,0.0,0.0
TheOnion,195,"""Goddammit, which is it? Is the flame that flickers in each hollowed-out ornamental squash the light of God’s abundant grace—or a spark of hellfire belching forth from the underworld?"" https://t.co/ozNkFMVvFp https://t.co/zUZPY0wi0u",2019-10-31 16:29:06+00:00,0.3094,0.3094,0.3094,0.3094
TheOnion,196,‘The Witcher’ Producers Assure Gamers Netflix Series Will Include All 400 Side Quests From ‘Wild Hunt’ https://t.co/cnf7mhCrYM https://t.co/9uVuWbqsNk,2019-10-31 15:52:06+00:00,0.34,0.34,0.34,0.34
TheOnion,197,Federal Judge Blocks Alabama Abortion Ban https://t.co/CSSdG6q40S #WhatDoYouThink? https://t.co/YEIjvt48Ch,2019-10-31 15:14:54+00:00,-0.6705,-0.6705,-0.6705,-0.6705
TheOnion,198,Man Wouldn't Have Worn Costume To Work If He'd Known He Was Getting Laid Off https://t.co/txDn3gSZNJ https://t.co/apBaGaQWdJ,2019-10-31 14:36:05+00:00,0.2235,0.2235,0.2235,0.2235
TheOnion,199,Humanity Still Producing New Art As Though Megadeth’s ‘Rust In Peace’ Doesn’t Already Exist https://t.co/O1y43gzSaY https://t.co/dvauecsGle,2019-10-31 13:49:03+00:00,0.0,0.0,0.0,0.0
TheOnion,200,"‘It’s Just A Costume, It’s Just A Costume,’ Man Nervously Assures Himself As Giant Hot Dog Starts Walking Toward Him https://t.co/zild4hJSu2 https://t.co/8mp5yl1Nkr",2019-10-31 13:02:02+00:00,0.1779,0.1779,0.1779,0.1779
TheOnion,201,Weird Guy From 2 Jobs Ago Still Liking Woman’s Photos On Facebook https://t.co/hNJdrhWGsS https://t.co/JOd4Uq7IZm,2019-10-31 12:15:06+00:00,0.25,0.25,0.25,0.25
TheOnion,202,Drunken Man Careens Wildly Across Internet https://t.co/C6sWw5y62h https://t.co/zjAfYm2Jl5,2019-10-31 04:46:02+00:00,0.0,0.0,0.0,0.0
TheOnion,203,"For the latest from the world’s most unstoppable media juggernaut, visit https://t.co/csf5QUbhed. https://t.co/f2MHMuEqnj",2019-10-31 04:03:05+00:00,-0.2716,-0.2716,-0.2716,-0.2716
TheOnion,204,RT @ClickHole: The Lawsuit Of The Century: Jimmy Carter Is Suing The Makers of Truck Nutz For Using His Likeness After Discovering Their Pr…,2019-10-31 03:20:01+00:00,-0.4588,-0.4588,-0.4588,-0.4588
TheOnion,205,"""We’ve seen the moves you’re making and would like to offer a cash infusion of $1 billion to get you to the next level."" https://t.co/zE9KNjtKLj",2019-10-31 02:37:00+00:00,0.3612,0.3612,0.3612,0.3612
TheOnion,206,Conceptual Genius Goes As Self For Halloween https://t.co/biZG2dP0R0 https://t.co/biMljiF0zJ,2019-10-31 01:54:06+00:00,0.0,0.0,0.0,0.0
TheOnion,207,Should People Automatically Respect The Office Of The Presidency? https://t.co/0QvsagBlnu,2019-10-31 01:11:00+00:00,0.4767,0.4767,0.4767,0.4767
TheOnion,208,"Astros Fan Announcing Game 7 After Joe Buck Scalps Press Pass For $25,000 https://t.co/lwnPiq3u9E https://t.co/CkVgrIwZws",2019-10-31 00:28:02+00:00,0.3182,0.3182,0.3182,0.3182
TheOnion,209,"""I did not think it was proper for the president to ask another country’s leader to queue up a YouTube video of the advertisement so he could walk him through it moment by moment."" https://t.co/aEp8cgmtva",2019-10-30 23:45:02+00:00,0.0,0.0,0.0,0.0
TheOnion,210,3-Week-Old Jack-O'-Lantern Excited To Give One Last Scare When Slightest Touch Causes It To Collapse Into Disgusting Mush https://t.co/kCIpt223d1 https://t.co/uHQ8seCFxb,2019-10-30 22:19:04+00:00,-0.8126,-0.8126,-0.8126,-0.8126
TheOnion,211,Largest U.S. Coal Mining Company Files For Bankruptcy https://t.co/Dt44TqfJbO #WhatDoYouThink? https://t.co/7yJvNyTpwW,2019-10-30 21:36:08+00:00,0.0,0.0,0.0,0.0
TheOnion,212,Study: Alligators Dangerous No Matter How Drunk You Are https://t.co/X0N6d3wUZG https://t.co/Uy7CxWIF3W,2019-10-30 21:03:09+00:00,-0.765,-0.765,-0.765,-0.765
TheOnion,213,RT @ClickHole: 4 Times Oprah Winfrey Forgot To Arrange Prizes For Her Audience So She Just Gave Away Some Of Her Hair https://t.co/ZwRj2ZYI…,2019-10-30 20:30:37+00:00,0.4588,0.4588,0.4588,0.4588
TheOnion,214,"‘Oh Jesus, Now What?’ Says Exhausted Trump Turning On News To See What Bullshit Thing President Did Today https://t.co/PdTNdqmo7o https://t.co/DKh4aPxf7v",2019-10-30 19:57:33+00:00,-0.743,-0.743,-0.743,-0.743
TheOnion,215,Silicon Valley Leaders Sit Down With Wildfire At Investment Meeting After Being Impressed By Its Rapid Expansion https://t.co/0y1ViDVUOD https://t.co/y1AqjqBoG0,2019-10-30 19:24:05+00:00,0.4767,0.4767,0.4767,0.4767
TheOnion,216,Carving jack-o’-lanterns from pumpkins is one of the most fun and rewarding Halloween activities. The Onion offers tips for pumpkin carving that will make your jack-o’-lantern the envy of the neighborhood. https://t.co/4dYwPQsg6Q https://t.co/SubVOvujmI,2019-10-30 19:07:00+00:00,0.7316,0.7316,0.7316,0.7316
TheOnion,217,Pumpkin Carving Tips https://t.co/4dYwPQsg6Q https://t.co/YxjCLKvjeh,2019-10-30 18:51:03+00:00,0.0,0.0,0.0,0.0
TheOnion,218,Man Breathes Sigh Of Relief As ‘Apple Recall’ Headline Just About Poisoned Fruit Shipped To 8 States https://t.co/aF10puGJTO https://t.co/aJW1F8dxVN,2019-10-30 18:18:07+00:00,0.0,0.0,0.0,0.0
TheOnion,219,Vindman Says Ukraine Transcript Left Out Lengthy Sections Of Trump Bragging About Time He Was In Pizza Hut Commercial https://t.co/xJN5egkJFp https://t.co/jwpnjzXVv6,2019-10-30 17:45:04+00:00,0.0,0.0,0.0,0.0
TheOnion,220,ExxonMobil Introduces New 8-Course Gasoline Tasting Menu For Luxury Cars https://t.co/sqJAp67pcs https://t.co/6qAj0ePqRP,2019-10-30 17:14:06+00:00,0.0,0.0,0.0,0.0
TheOnion,221,House To Vote On Impeachment Inquiry https://t.co/TkYonPkaBN #WhatDoYouThink? https://t.co/v2xVvat5bu,2019-10-30 16:43:06+00:00,0.0,0.0,0.0,0.0
TheOnion,222,God Recalls Time He Pulled Wings Off Angel As Child https://t.co/azn0eWop5Q https://t.co/MCYVrSaqnq,2019-10-30 16:12:08+00:00,0.2732,0.2732,0.2732,0.2732
TheOnion,223,"""Brach’s candy corn, and only Brach’s, is now and always will be an AIDS-free harbinger of gentle autumnal turning."" https://t.co/o0Hj5rvhSY https://t.co/deXugNmY0l",2019-10-30 15:41:05+00:00,0.4404,0.4404,0.4404,0.4404
TheOnion,224,Children's Book Teaches Valuable Lesson About Being Circle https://t.co/fjGDYXaE2K https://t.co/aSYY7PgxSa,2019-10-30 15:10:01+00:00,0.4767,0.4767,0.4767,0.4767
TheOnion,225,Most Incompetent Coworker Once Again Shines At Office Halloween Party https://t.co/LI8aqnbkvK https://t.co/3uNKZG5TQB,2019-10-30 14:31:07+00:00,-0.1761,-0.1761,-0.1761,-0.1761
TheOnion,226,Report Finds More Americans Putting Off Children Until Companies Are Ready https://t.co/8jCDYjJVnj https://t.co/mgUyGZOzgG,2019-10-30 13:44:06+00:00,0.3612,0.3612,0.3612,0.3612
TheOnion,227,"""The things that are passed off as spooktacular these days couldn’t even raise a single hair, let alone a whole neck’s worth."" https://t.co/B6IsE86b0F https://t.co/xHNJwBvtei",2019-10-30 12:57:07+00:00,-0.25,-0.25,-0.25,-0.25
TheOnion,228,Alabama School System's Lone Textbook Falling Apart https://t.co/zy4fFDLnKJ https://t.co/5WFmw6TBya,2019-10-30 12:10:05+00:00,-0.4019,-0.4019,-0.4019,-0.4019
TheOnion,229,"To see more unmatched reporting, visit https://t.co/csf5QUbhed. https://t.co/RB76kj4aNY",2019-10-30 03:34:08+00:00,-0.1513,-0.1513,-0.1513,-0.1513
TheOnion,230,Lakers Forced To Play Half-Court Against Grizzlies As Wildfire Consumes South End Of Staples Center https://t.co/BHXK4Wajb0 https://t.co/gvIw2kmLGw,2019-10-30 02:47:07+00:00,-0.1531,-0.1531,-0.1531,-0.1531
TheOnion,231,"""This damning footage shows Sen. Sanders clandestinely mingling with thousands of representatives from the nursing, food service, and public education sectors, many of whom were apparently chauffeured to the event aboard city buses and enjoyed fountain drinks upon arriving."" https://t.co/BLmalImpJD",2019-10-30 02:00:30+00:00,0.25,0.25,0.25,0.25
TheOnion,232,"RT @ClickHole: Awesome: This Enormous, Muscular Man Has Dedicated His Life To Touring The Country Warning Middle Schoolers About The Danger…",2019-10-30 01:23:00+00:00,0.6908,0.6908,0.6908,0.6908
TheOnion,233,RT @TheOnion: Study Finds Global Warming Accelerating Formation Of Polar Fire Caps https://t.co/7phfTqSCjU https://t.co/Erb9HsesWE,2019-10-30 00:46:00+00:00,-0.2023,-0.2023,-0.2023,-0.2023
TheOnion,234,Lone House With No Halloween Decorations By Far Spookiest In Neighborhood https://t.co/jVteAezy78 https://t.co/DyYTuAk7ZG,2019-10-30 00:09:05+00:00,-0.5106,-0.5106,-0.5106,-0.5106
TheOnion,235,"""This is my burden to bear, not theirs."" https://t.co/I1ZX29UeOJ",2019-10-29 23:32:00+00:00,-0.4404,-0.4404,-0.4404,-0.4404
TheOnion,236,Crusted Ring Around NyQuil Bottle Top Coming Along Nicely https://t.co/Tl10JunrNp https://t.co/QwIPNaW9N3,2019-10-29 22:55:04+00:00,0.5719,0.5719,0.5719,0.5719
TheOnion,237,ISIS Leader Killed In U.S. Raid https://t.co/OJ4S3Yuigp #WhatDoYouThink? https://t.co/AEXOb7EswA,2019-10-29 22:18:08+00:00,-0.6705,-0.6705,-0.6705,-0.6705
TheOnion,238,RT @OnionGamers: What did the 'Bloodborne' creator have to say about fan feedback on his games? https://t.co/MX51F8W2RE,2019-10-29 21:41:01+00:00,0.3182,0.3182,0.3182,0.3182
TheOnion,239,Man Remembers Exactly Where He Was In ‘Final Fantasy X’ When He Heard About 9/11 https://t.co/qrM74z5CCY https://t.co/Ctf1l3lUN8,2019-10-29 21:04:02+00:00,0.0,0.0,0.0,0.0
TheOnion,240,"On This Day In History: October 29, 1962 https://t.co/5nIMr5twfi https://t.co/5ovrXS3Cla",2019-10-29 20:27:04+00:00,0.0,0.0,0.0,0.0
TheOnion,241,RT @ClickHole: ‘Etienne Is NO MAN’S Fool’: Etienne Is Going Completely Apeshit On This Bakery’s Cashier For Trying To Charge Him $4.50 For…,2019-10-29 19:50:01+00:00,-0.6281,-0.6281,-0.6281,-0.6281
TheOnion,242,5 Things To Know About ‘Terminator: Dark Fate’ https://t.co/Ji29eTRPB4,2019-10-29 19:13:00+00:00,0.0,0.0,0.0,0.0
TheOnion,243,"Bernie Sanders Holds Secret Campaign Meeting With 15,000 Working-Class Democratic Donors https://t.co/NGsStfzBH7 https://t.co/8Za8z4UQaJ",2019-10-29 18:36:54+00:00,0.0,0.0,0.0,0.0
TheOnion,244,"This Week's Editorial Cartoon: ""The Situation Is Getting Syria-ous"" https://t.co/kQpwV7ZblT https://t.co/iyzsuppAQz",2019-10-29 18:04:13+00:00,0.0,0.0,0.0,0.0
TheOnion,245,Congress Clears Boeing Of All Wrongdoing After Being Appointed Very Special Junior Pilots https://t.co/tkfzp7mkhv https://t.co/AX79yOWMYM,2019-10-29 17:33:04+00:00,0.5095,0.5095,0.5095,0.5095
TheOnion,246,Study Finds Global Warming Accelerating Formation Of Polar Fire Caps https://t.co/7phfTqSCjU https://t.co/Erb9HsesWE,2019-10-29 17:02:07+00:00,-0.2023,-0.2023,-0.2023,-0.2023
TheOnion,247,Exterminator Composes Self In Driveway So Kids Won’t Know He Saw Cricket Die At Work Today https://t.co/NEtMjTXOyT https://t.co/m8uq84Fo3F,2019-10-29 16:31:06+00:00,-0.5994,-0.5994,-0.5994,-0.5994
TheOnion,248,U.S. Deficit Hits $984 Billion https://t.co/eGUDDQAu69 #WhatDoYouThink? https://t.co/NvSLoX87TY,2019-10-29 16:00:04+00:00,-0.4019,-0.4019,-0.4019,-0.4019
TheOnion,249,American People Hire High-Powered Lobbyist To Push Interests In Congress https://t.co/9YtsDjnZb1 https://t.co/70k6EoosSL,2019-10-29 15:29:11+00:00,0.25,0.25,0.25,0.25
TheOnion,250,"Your Horoscopes — Week Of October 29, 2019 https://t.co/SSkeE3u6Vi https://t.co/YgrwhzeVVs",2019-10-29 14:58:06+00:00,0.0,0.0,0.0,0.0
TheOnion,251,Man On Gurney Has Brief Word With Protagonist Before Entering Ambulance https://t.co/ReX1e9NDcm https://t.co/yvBLfmoWgp,2019-10-29 14:21:03+00:00,0.0,0.0,0.0,0.0
TheOnion,252,Jared Kushner Spends Fourth Consecutive Day Silently Ensnared In Decorative White House Spider Webs https://t.co/2dBNMQOPg5 https://t.co/EAtvnVRsGS,2019-10-29 13:34:08+00:00,0.0,0.0,0.0,0.0
TheOnion,253,Geologists Unearth Fully Intact Rock https://t.co/MZyPysAKE1 https://t.co/yxl1zft3qK,2019-10-29 12:47:04+00:00,0.2716,0.2716,0.2716,0.2716
TheOnion,254,Fully Gentrified Neighborhood All Cheese Shops https://t.co/dDRq9UyEuP https://t.co/fL9B93tDYI,2019-10-29 12:00:15+00:00,0.0,0.0,0.0,0.0
TheOnion,255,RT @ClickHole: Clearly Fishing For Compliments: Bernie Sanders Just Posted A Sad Twitter Rant About How He Doesn’t Think He’s Cute Enough T…,2019-10-29 04:02:00+00:00,0.4404,0.4404,0.4404,0.4404
TheOnion,256,"For more exemplary journalism, visit https://t.co/csf5QUbhed. https://t.co/3BXYjgI7W9",2019-10-29 03:11:06+00:00,0.0,0.0,0.0,0.0
TheOnion,257,Woman Sick Of Being Stuck In Back Half Of Velma Costume Entire Halloween Party https://t.co/9dYq93LRY0 https://t.co/vCnXcrKOIb,2019-10-29 02:20:05+00:00,-0.3818,-0.3818,-0.3818,-0.3818
TheOnion,258,"RT @TheOnion: Desperate, Cash-Strapped Biden Selling Hand Formerly Shaken By Obama https://t.co/Va2g6DsYCv https://t.co/VjijxUf4NL",2019-10-29 01:29:00+00:00,0.1531,0.1531,0.1531,0.1531
TheOnion,259,FBI Declassifies J. Edgar Hoover’s Extensive File On The Munster Family https://t.co/gdyfslMdVL https://t.co/MOa2gYUU0B,2019-10-29 00:38:05+00:00,0.0,0.0,0.0,0.0
TheOnion,260,"""Someone even pulled out a sign that said ‘Impeach Trump,’ which is silly, because I don’t think she can be impeached."" https://t.co/GbWPPHWh8L",2019-10-28 23:57:00+00:00,0.0258,0.0258,0.0258,0.0258
TheOnion,261,"Study Finds Every Style Of Parenting Produces Disturbed, Miserable Adults https://t.co/CYc0v92qZ0 https://t.co/bLj78qASXa",2019-10-28 23:16:05+00:00,-0.7003,-0.7003,-0.7003,-0.7003
TheOnion,262,RT @TheOnion: Taquitos Finally Hatch After Days Under Heat Lamp https://t.co/66SfIEdtms https://t.co/c9FaXaBTF6,2019-10-28 22:35:00+00:00,0.0,0.0,0.0,0.0
TheOnion,263,Lazy Poor Person Has Never Earned Passive Income From Stock Dividends A Day In His Life https://t.co/QYL1YvjTdf https://t.co/h3Tqbd7Zsz,2019-10-28 21:54:06+00:00,-0.7345,-0.7345,-0.7345,-0.7345
TheOnion,264,Trump Organization Considering Selling D.C. Hotel https://t.co/cVLaVNcdep #WhatDoYouThink? https://t.co/i9ifaBTvuo,2019-10-28 21:13:05+00:00,0.0,0.0,0.0,0.0
TheOnion,265,RT @ClickHole: Streaming Wars Cooling Down: Netflix Is Trading Hulu ‘The West Wing’ In Exchange For A Bag Of Flour https://t.co/lzgrtwzATW…,2019-10-28 20:32:00+00:00,-0.5574,-0.5574,-0.5574,-0.5574
TheOnion,266,ISIS Member Unsure Whom To Submit PTO Request To https://t.co/sHn0nTUinI https://t.co/wIak1F6Qp4,2019-10-28 19:51:05+00:00,-0.25,-0.25,-0.25,-0.25
TheOnion,267,"Desperate, Cash-Strapped Biden Selling Hand Formerly Shaken By Obama https://t.co/Va2g6DsYCv https://t.co/VjijxUf4NL",2019-10-28 19:20:08+00:00,0.1531,0.1531,0.1531,0.1531
TheOnion,268,"‘Again, Again, Again!’ Exclaims Clapping, Grinning Trump After Sixth Time Watching Abu Bakr Al-Baghdadi Death Video https://t.co/KYTrTLlgIo https://t.co/7bSMr5f3o6",2019-10-28 18:49:34+00:00,-0.4003,-0.4003,-0.4003,-0.4003
TheOnion,269,Deal Alert: You Can Save $60 By Exhibiting Some Fiscal Responsibility For Once In Your Life And Not Buying The New ‘Call Of Duty’ https://t.co/tiMqCZgJoY https://t.co/jsFovIq4gf,2019-10-28 18:18:28+00:00,0.6597,0.6597,0.6597,0.6597
TheOnion,270,New Car Already Has That Old McDonald’s Smell https://t.co/P35Dcblxqv https://t.co/YrufmXlO0A,2019-10-28 17:47:05+00:00,0.0,0.0,0.0,0.0
TheOnion,271,"Trump Mortified After World Series Crowd Starts Booing, Chanting ‘Lock Him Up’ At Melania https://t.co/ucxejq09Yp https://t.co/S5atUedwKe",2019-10-28 17:16:26+00:00,0.0,0.0,0.0,0.0
TheOnion,272,"Greatest Genius In Cow History Killed, Eaten https://t.co/cqRFzHo7as https://t.co/Npn0CIJy4e",2019-10-28 16:40:05+00:00,-0.0772,-0.0772,-0.0772,-0.0772
TheOnion,273,Milestone In Polio Elimination Reached https://t.co/ynqMpfWSOi #WhatDoYouThink? https://t.co/euzWuK68mJ,2019-10-28 16:09:06+00:00,0.1027,0.1027,0.1027,0.1027
TheOnion,274,Taquitos Finally Hatch After Days Under Heat Lamp https://t.co/66SfIEdtms https://t.co/c9FaXaBTF6,2019-10-28 15:38:09+00:00,0.0,0.0,0.0,0.0
TheOnion,275,Matt Damon Begrudgingly Accepts $50 In eBay Auction For ‘The Martian’ Cast And Crew Jacket https://t.co/OoCn695gu7 https://t.co/QsVFwyxrVp,2019-10-28 15:07:06+00:00,0.3182,0.3182,0.3182,0.3182
TheOnion,276,Report: Logan’s Mom Put Him On A Diet https://t.co/rIdbm74bVJ https://t.co/yh8QhXVh5n,2019-10-28 14:36:05+00:00,0.0,0.0,0.0,0.0
TheOnion,277,How To Find A Masculine Halloween Costume For Your Effeminate Son https://t.co/Fthrm4M5jx,2019-10-28 13:49:00+00:00,0.0,0.0,0.0,0.0
TheOnion,278,"‘Nice To Meet You,’ Coworkers Tell New Employee They’ve Studied Online For Hours https://t.co/mZ4vHYIN6L https://t.co/iTw4LIgyaT",2019-10-28 13:02:07+00:00,0.0,0.0,0.0,0.0
TheOnion,279,Slug Just Taking It Easy Today https://t.co/tCsQVN9KW9 https://t.co/gMreq6xyLs,2019-10-28 12:15:08+00:00,0.4404,0.4404,0.4404,0.4404
TheOnion,280,"New ‘Watchmen’ Series Features Bearded, Pretentious Graphic Novelist Constantly Complaining About How New Characters Ruining Everything https://t.co/IaywlB6I6J https://t.co/GAn9upDxhb",2019-10-28 01:30:08+00:00,-0.4215,-0.4215,-0.4215,-0.4215
TheOnion,281,Study: Only 4 Scenic Routes Left In Country https://t.co/KhSi0T9IUR https://t.co/NxQQuJwWnn,2019-10-28 00:00:16+00:00,0.0,0.0,0.0,0.0
TheOnion,282,Trump Ties Thousands Of Balloons To White House Roof In Attempt To Sail Away From Impeachment Inquiry https://t.co/OEX3Wyqdmq https://t.co/XQwnPXi1Lz,2019-10-27 22:30:14+00:00,0.0,0.0,0.0,0.0
TheOnion,283,God Excited He Only Two Mortgage Payments Away From Owning Heaven https://t.co/8hagzet6Mi https://t.co/WzNCtAmgeQ,2019-10-27 21:00:10+00:00,0.7783,0.7783,0.7783,0.7783
TheOnion,284,"Republicans Storm National Statuary Hall, Demand To Be Allowed Into Elijah Cummings’ Casket https://t.co/RIntLUG9N4 https://t.co/iO39pHH88n",2019-10-27 19:30:11+00:00,-0.128,-0.128,-0.128,-0.128
TheOnion,285,Fair-Weather Bills Fan Not Even Banned From Stadium https://t.co/0kg8suohEa https://t.co/x4n2BrjFVe,2019-10-27 18:05:06+00:00,0.5831,0.5831,0.5831,0.5831
TheOnion,286,Dad Reports Old Guy Being Honored On Field Always Choked In Playoffs https://t.co/9P6EkZv5oD https://t.co/gmqjyCv5Co,2019-10-27 17:05:08+00:00,0.1779,0.1779,0.1779,0.1779
TheOnion,287,Chicago Promises Teachers Union It Will Reduce Class Sizes By Sending More Students To Jail https://t.co/myXo5s4Rvc https://t.co/G8cwGrtbb9,2019-10-27 16:00:06+00:00,0.3818,0.3818,0.3818,0.3818
TheOnion,288,"‘Take This Grape For It Is The Witch’s Eye, Take This Spaghetti For It Is The Witch’s Brain,’ Says Pope Francis During Halloween-Themed Communion https://t.co/L1XYIK6Sxy https://t.co/jKgfCulruq",2019-10-27 15:00:10+00:00,0.0,0.0,0.0,0.0
TheOnion,289,Walls Of Congress Dissolve Into Endless Blue Void As Zuckerberg Informs Lawmakers There No Way To Escape Facebook https://t.co/kQKaZNhnaz https://t.co/R1NoZLspYo,2019-10-27 14:00:18+00:00,-0.128,-0.128,-0.128,-0.128
TheOnion,290,"This Week's Editorial Cartoon: ""Leaftime Achievement Adored"" https://t.co/CK286fml0F https://t.co/QkegM5VHKY",2019-10-27 13:00:12+00:00,0.4215,0.4215,0.4215,0.4215
TheOnion,291,Paramedics Didn’t Realize How Hard It Would Be To Cut Drunk Woman Out Of Elmo Costume https://t.co/Y8ofuCEU7g https://t.co/IrxR0uslnl,2019-10-27 03:51:05+00:00,-0.5994,-0.5994,-0.5994,-0.5994
TheOnion,292,Couple Dressed As Mario And Luigi Drunkenly Making Out On Couch https://t.co/8ahI3LfGv8 https://t.co/hnj3gvGPy5,2019-10-27 02:14:01+00:00,0.0,0.0,0.0,0.0
TheOnion,293,Trump Cancels White House Subscription To ‘Highlights’ Over Anti-Goofus Bias https://t.co/3edvlc8piY https://t.co/md4AJgo05E,2019-10-27 00:37:05+00:00,-0.3182,-0.3182,-0.3182,-0.3182
TheOnion,294,Blake Griffin Claims Basketball Seems Much Rounder Lately https://t.co/pLQqIjAnIw https://t.co/bHjVDYAoi8,2019-10-26 23:00:07+00:00,0.0,0.0,0.0,0.0
TheOnion,295,Bus Tour Takes Fans Down Iconic ‘Joker’ Stairs https://t.co/nRh3q3XeEg https://t.co/epU0TAd4gH,2019-10-26 21:23:05+00:00,0.0,0.0,0.0,0.0
TheOnion,296,Assad Starting To Feel Like Friendship With Tulsi Gabbard One-Sided After She Calls Just To Complain About The Election Again https://t.co/6LrqCtSNdl https://t.co/W93Mm9l2mm,2019-10-26 19:46:05+00:00,0.4404,0.4404,0.4404,0.4404
TheOnion,297,Dead-Eyed Man Has Been Looking For Non-Humiliating Halloween Costume For Past 2 Hours https://t.co/puEvzJAe0E https://t.co/9QrIE5Aevg,2019-10-26 18:09:04+00:00,0.0,0.0,0.0,0.0
TheOnion,298,Trump Apologizes For Impeachment Comment After Learning Disturbing History Of 1918 Lynching Of German American Immigrant Robert Prager https://t.co/2GGOCA7VRw https://t.co/t7EpyfAixb,2019-10-26 16:32:05+00:00,-0.2023,-0.2023,-0.2023,-0.2023
TheOnion,299,Woman Had No Idea Participating In 5K Walk Could Be So Unrewarding https://t.co/UGqTDdOsNp https://t.co/RM5X28u2VA,2019-10-26 14:55:07+00:00,-0.296,-0.296,-0.296,-0.296
TheOnion,300,Mark Zuckerberg Argues High Taxes On Wealthy Could Stifle Innovation In Human Suffering https://t.co/kSzsaJjWIF https://t.co/mXEZKtx7kA,2019-10-26 13:18:09+00:00,-0.1531,-0.1531,-0.1531,-0.1531
TheOnion,301,"Please, just make it stop. https://t.co/TvlUXwJR2f",2019-10-26 04:55:00+00:00,0.0258,0.0258,0.0258,0.0258
TheOnion,302,RT @ClickHole: Feminism FTW! Mattel Just Added Diotima Of Mantinea To Their ‘Who The Fuck Were They—Women In History’ Doll Collection https…,2019-10-26 04:16:00+00:00,0.1343,0.1343,0.1343,0.1343
TheOnion,303,"For more world-renowned reportage, visit https://t.co/csf5QUbhed. https://t.co/qvgjNwX708",2019-10-26 03:37:04+00:00,0.0,0.0,0.0,0.0
TheOnion,304,Man Exhausted After Having To Explain Halloween Costume For Umpteenth Time https://t.co/s3oYHyEsP9 https://t.co/qIACNlZ7FJ,2019-10-26 02:58:01+00:00,-0.3612,-0.3612,-0.3612,-0.3612
TheOnion,305,"""Don’t forget, we’ve had a lot of great laughs together, like when that lawn mower kid came to the White House or when I looked up at a solar eclipse without the glasses. Boy, wasn’t that a real hoot?"" https://t.co/xcLCCo6LBt",2019-10-26 02:19:00+00:00,0.836,0.836,0.836,0.836
TheOnion,306,Haunted Hayride Makes Extra-Spooky Turn Onto Interstate https://t.co/HvrmoYt5PV https://t.co/EdQAxzZoGa,2019-10-26 01:40:02+00:00,-0.4767,-0.4767,-0.4767,-0.4767
TheOnion,307,"""Quite peculiar, this feline appears to have proportions far beyond that of the cats I usually encounter."" https://t.co/SmOuI4IpEl",2019-10-26 01:01:00+00:00,0.2247,0.2247,0.2247,0.2247
TheOnion,308,Tim Ryan's Wife Puts On Strained Smile As Former Candidate Spends Dinner Speculating On Whose VP He’ll Be https://t.co/49f0eINyEn https://t.co/GxXqngV5An,2019-10-26 00:22:03+00:00,-0.0516,-0.0516,-0.0516,-0.0516
TheOnion,309,"White House Urges Federal Agencies To Cancel ‘New York Times’, ‘Washington Post’ Subscriptions https://t.co/hZnqLJFDJQ #WhatDoYouThink? https://t.co/nEj7XExCu4",2019-10-25 23:43:04+00:00,-0.25,-0.25,-0.25,-0.25
TheOnion,310,RT @ClickHole: Whose Mouth Is This? https://t.co/wvQg0buPQw https://t.co/MDuIxiTSk9,2019-10-25 23:04:00+00:00,0.0,0.0,0.0,0.0
TheOnion,311,Chick-Fil-A Debuts New Homophobic Sandwich https://t.co/pdjace9eZ2 https://t.co/TedSHhZ0gs,2019-10-25 22:25:05+00:00,0.0,0.0,0.0,0.0
TheOnion,312,Report: China To Overtake U.S. As World's Biggest Asshole By 2020 https://t.co/XSjhXbuqqM https://t.co/QGu63CRqXn,2019-10-25 21:46:04+00:00,0.0,0.0,0.0,0.0
TheOnion,313,Out-Of-Work Robert Mueller Opens Investigation Into Whether Squirrels Knowingly Ate From Bird Feeder https://t.co/YgMIotETL7 https://t.co/JMgkJP3WdP,2019-10-25 21:17:04+00:00,0.0,0.0,0.0,0.0
TheOnion,314,"Pope Francis Teaches Parishioners Dangers Of Sinning By Showing Them Cross Section Of Black, Desiccated Soul https://t.co/AXfUt69tOW https://t.co/5aWklRGMI3",2019-10-25 20:48:06+00:00,-0.4939,-0.4939,-0.4939,-0.4939
TheOnion,315,Report: Make It Stop https://t.co/jrmyoOpheO https://t.co/4EADTy9B6S,2019-10-25 20:19:09+00:00,-0.296,-0.296,-0.296,-0.296
TheOnion,316,California Combatting Wildfire Risk By Shutting Off Oxygen To Thousands Of Residents https://t.co/JC06yLC6uI https://t.co/F4jOf1eRyk,2019-10-25 19:50:21+00:00,-0.2732,-0.2732,-0.2732,-0.2732
TheOnion,317,Sympathetic Representatives Let Lindsey Graham Into Impeachment Hearing After It Becomes Clear He Came To Disrupt It Alone https://t.co/tuzBmmWlgP https://t.co/TFoa0h7mPQ,2019-10-25 19:21:21+00:00,0.5994,0.5994,0.5994,0.5994
TheOnion,318,"Dumbass Apple Picker Goes For Overripe McIntosh Red When Pink Lady Cleary Best Option Given The Topography, Time Of Harvest https://t.co/UjvrKDU3Jc https://t.co/89YVOyPTyy",2019-10-25 18:52:05+00:00,0.1531,0.1531,0.1531,0.1531
TheOnion,319,‘What About All The Good Times?’ Says Cornered President Calling On Nation To Remember Covfefe And The Saudi Arabia Orb https://t.co/2JX8iLKLr8 https://t.co/AqZrSlc1kB,2019-10-25 18:23:04+00:00,0.2023,0.2023,0.2023,0.2023
TheOnion,320,5 Things To Know About @KanyeWest’s ‘Jesus Is King’ https://t.co/V5hf43bhZv,2019-10-25 17:54:43+00:00,0.0,0.0,0.0,0.0
TheOnion,321,Making Amends: Blizzard Added A Drawing Of Xi Jinping Getting Pinched On The Ass By A Crab To All Spawn Rooms On Overwatch’s Lijiang Tower Map https://t.co/pML49SlQsg https://t.co/0g2t28S1Zx,2019-10-25 17:25:08+00:00,-0.5423,-0.5423,-0.5423,-0.5423
TheOnion,322,Teens Frantically Cleaning Up Mess From Homicide Before Vacationing Parents Return https://t.co/sD1MJ5F3X8 https://t.co/CG8FA290ib,2019-10-25 16:56:03+00:00,-0.5994,-0.5994,-0.5994,-0.5994
TheOnion,323,Scientists Train Rats To Drive Tiny Cars To Collect Food https://t.co/qfoq83Ha8p #WhatDoYouThink? https://t.co/ENgDoRbNev,2019-10-25 16:27:05+00:00,0.0,0.0,0.0,0.0
TheOnion,324,"New ‘Call Of Duty’ Praised For Depicting Grim, Harrowing Fun That Can Be Had While Killing Civilians https://t.co/8N6ccvb5I1 https://t.co/Jv24CNALSF",2019-10-25 15:58:05+00:00,-0.3818,-0.3818,-0.3818,-0.3818
TheOnion,325,Internet Cat Has Girth That One Might Say Is Unusual Among His Species https://t.co/Q0V8cdQjej https://t.co/gfqvANdQ33,2019-10-25 15:29:08+00:00,0.0,0.0,0.0,0.0
TheOnion,326,"Fewer than half of Americans get flu shots every year, believing that they’re not necessary or can cause side effects that make them not worth it. The Onion takes a look at the pros and cons of getting a flu shot. https://t.co/dvnpGw8BlE https://t.co/4X2E19ZQAv",2019-10-25 15:14:00+00:00,-0.7065,-0.7065,-0.7065,-0.7065
TheOnion,327,Pros And Cons Of Getting A Flu Shot https://t.co/dvnpGw8BlE https://t.co/491UlyjgCQ,2019-10-25 15:00:04+00:00,-0.3818,-0.3818,-0.3818,-0.3818
TheOnion,328,Wave Of Dread Makes Rare Daytime Appearance https://t.co/cpBtoPi5rs https://t.co/8XhwDAHevD,2019-10-25 14:31:09+00:00,-0.4588,-0.4588,-0.4588,-0.4588
TheOnion,329,Scientists Announce Discovery Of Dry Ice On Mars Means Planet May One Day Be Suitable For Halloween Party https://t.co/YXiEsEQJph https://t.co/SeJgUP15Qx,2019-10-25 13:44:05+00:00,0.4019,0.4019,0.4019,0.4019
TheOnion,330,Pilot Tells Passengers He’s About To Try Something https://t.co/vqZ44nIUiH https://t.co/JtepZUAVIY,2019-10-25 12:57:03+00:00,0.0,0.0,0.0,0.0
TheOnion,331,Report: American Dream Now An Out-Of-Court Settlement https://t.co/SjCnvTPSn2 https://t.co/Gk2CCMCiXS,2019-10-25 12:10:07+00:00,0.25,0.25,0.25,0.25
TheOnion,332,Widower Just Doesn’t Have Energy To Waltz With Dead Wife’s Dress Tonight https://t.co/2Z9egHlI73 https://t.co/ns4Ryw2HCT,2019-10-25 03:59:02+00:00,-0.4939,-0.4939,-0.4939,-0.4939
TheOnion,333,"""Just a few thousand more and I’ll be aloft. If the wind holds, I should make it to Saudi Arabia by morning. Farewell!"" https://t.co/882ZfCRNlI",2019-10-25 03:16:00+00:00,0.0,0.0,0.0,0.0
TheOnion,334,RT @ClickHole: Unfair Advantage: Wealthy Families Are Paying Thousands Of Dollars To Have Men Chuck Apples At Their Kids’ Heads If They Are…,2019-10-25 02:33:01+00:00,0.1027,0.1027,0.1027,0.1027
TheOnion,335,Visit https://t.co/csf5QUbhed to see more from the standard bearer of global journalism. https://t.co/ciN3sMfeoP,2019-10-25 01:50:03+00:00,0.0,0.0,0.0,0.0
TheOnion,336,Washington Redskins Change Their Name To The D.C. Redskins https://t.co/QCfrkHOPin https://t.co/J6Ty9kJUdu,2019-10-25 01:07:03+00:00,0.0,0.0,0.0,0.0
TheOnion,337,Researchers Discover Referees Evolved Stripes To Warn Predators Against Pass Interference https://t.co/jofSMsm11m https://t.co/UWyVpeCDP7,2019-10-25 00:34:03+00:00,-0.1027,-0.1027,-0.1027,-0.1027
TheOnion,338,Concerned Charlize Theron Fans Raise Millions For What Must Be Serious Medical Bills After Seeing Actress In Budweiser Ad https://t.co/VAj4UYfZp5 https://t.co/tkDSJWScJz,2019-10-25 00:01:05+00:00,-0.0772,-0.0772,-0.0772,-0.0772
TheOnion,339,".@MattGaetz: ""As voting members of Congress, we have an obligation to our constituents to get inside and find out what’s in there—it could be anything."" https://t.co/6KzuxCpUBB",2019-10-24 23:28:01+00:00,0.0,0.0,0.0,0.0
TheOnion,340,Haunted Corn Maze Owner Has Another Conversation With Zombie No. 2 About Not Touching https://t.co/5l3TUqt2zJ https://t.co/OmHerx7kFP,2019-10-24 22:55:07+00:00,-0.6486,-0.6486,-0.6486,-0.6486
TheOnion,341,Tips For Applying To Graduate School https://t.co/gdscZo908g,2019-10-24 22:22:00+00:00,0.0,0.0,0.0,0.0
TheOnion,342,Anonymous ‘New York Times’ Op-Ed Writer To Publish Trump Book https://t.co/c5z5vZLTCH #WhatDoYouThink? https://t.co/28MVQHSQA1,2019-10-24 21:49:06+00:00,0.0,0.0,0.0,0.0
TheOnion,343,RT @TheOnion: Man Lowers Carbon Footprint By Bringing Reusable Bags Every Time He Buys Gas https://t.co/5JXAyoJwVz https://t.co/9Wfatg2s2i,2019-10-24 21:16:00+00:00,-0.128,-0.128,-0.128,-0.128
TheOnion,344,New ‘Westworld’ Trailer Teases Long-Awaited Arrival Of Dramatic Stakes https://t.co/64CyZdsFm0 https://t.co/EPRKSpm9iJ,2019-10-24 20:43:04+00:00,-0.296,-0.296,-0.296,-0.296
TheOnion,345,RT @ClickHole: Awesome: West Elm Has Released An Extremely Uncomfortable Pull-Out Couch So Friends Who Come Over Don’t Get Any Ideas About…,2019-10-24 20:10:02+00:00,0.735,0.735,0.735,0.735
TheOnion,346,MIT Researchers Make Breakthrough On Marionette Strings That Allow Paralyzed Man To Walk https://t.co/C86MU9Vaue https://t.co/emQtuIzIdQ,2019-10-24 19:37:06+00:00,0.2263,0.2263,0.2263,0.2263
TheOnion,347,Trump Ties Thousands Of Balloons To White House Roof In Attempt To Sail Away From Impeachment Inquiry https://t.co/60XG3CELnF https://t.co/Nl5CcTUPQg,2019-10-24 19:06:06+00:00,0.0,0.0,0.0,0.0
TheOnion,348,A.J. Hinch Warns Astros If They Lose World Series All The Hurricanes Will Come Back https://t.co/wJDmuOd2f0 https://t.co/GoteEoj5k5,2019-10-24 18:35:08+00:00,-0.4767,-0.4767,-0.4767,-0.4767
TheOnion,349,"Republicans Storm National Statuary Hall, Demand To Be Allowed Into Elijah Cummings’ Casket https://t.co/OnjtdLxA7v https://t.co/n5mjel5MXB",2019-10-24 18:04:37+00:00,-0.128,-0.128,-0.128,-0.128
TheOnion,350,RT @OnionGamers: What did this U.S. president say about the future of gaming? https://t.co/9WEDdj7wWb,2019-10-24 17:33:00+00:00,0.0,0.0,0.0,0.0
TheOnion,351,Study Finds Fewer Americans Than Ever Believe In Snoopy https://t.co/lJFTBlq9Wj https://t.co/4P16eBoJjX,2019-10-24 17:02:09+00:00,0.0,0.0,0.0,0.0
TheOnion,352,"Dak Prescott Gains 80 Pounds, Moves Back In With Parents To Prepare For Role In Chunky Soup Ad https://t.co/ChodehzvtA https://t.co/dXp0kQFyBb",2019-10-24 16:31:06+00:00,0.34,0.34,0.34,0.34
TheOnion,353,Man Lowers Carbon Footprint By Bringing Reusable Bags Every Time He Buys Gas https://t.co/5JXAyoJwVz https://t.co/9Wfatg2s2i,2019-10-24 16:00:10+00:00,-0.128,-0.128,-0.128,-0.128
TheOnion,354,Premiums Drop Sharply For Popular Obamacare Plans https://t.co/InwKpJjhD1 #WhatDoYouThink? https://t.co/Uh17g3rt4q,2019-10-24 15:23:02+00:00,0.1779,0.1779,0.1779,0.1779
TheOnion,355,Man Somehow Thinks He Doesn’t Have Enough Alone Time https://t.co/v8xWTsxoN4 https://t.co/J5RAe6nOcD,2019-10-24 14:36:10+00:00,-0.25,-0.25,-0.25,-0.25
TheOnion,356,All The Good Sentiments On ‘Get Well Soon’ Card Already Taken https://t.co/fC2vW4fntr https://t.co/8apyN6jRjS,2019-10-24 13:49:03+00:00,0.6124,0.6124,0.6124,0.6124
TheOnion,357,NYPD Lets Suspicious Man Go After Only Finding ‘Catcher In The Rye’ In Backpack https://t.co/WTgmb9Rfmp https://t.co/d3muXKlFfX,2019-10-24 13:02:08+00:00,-0.3612,-0.3612,-0.3612,-0.3612
TheOnion,358,Unstoppable Killing Machine Out Of Toner https://t.co/PrqCznsUx9 https://t.co/wPdshsW4ZK,2019-10-24 12:15:07+00:00,-0.7351,-0.7351,-0.7351,-0.7351
TheOnion,359,Study Finds Majority Of Deaths Caused By Failure To Heed Omens https://t.co/RA4gTzi6i9 https://t.co/b5hhgYlBCf,2019-10-24 04:33:07+00:00,-0.5106,-0.5106,-0.5106,-0.5106
TheOnion,360,"For the latest from the world’s most unstoppable media juggernaut, visit https://t.co/csf5QTTFPD. https://t.co/aBnmJIzGzZ",2019-10-24 03:52:03+00:00,-0.2716,-0.2716,-0.2716,-0.2716
TheOnion,361,RT @ClickHole: Remember Partygoer #4 From ‘Dawson’s Creek’?: 5 Bit Roles Osama Bin Laden Played Before 9/11 Made Him A Star https://t.co/JI…,2019-10-24 03:11:01+00:00,0.34,0.34,0.34,0.34
TheOnion,362,RT @TheOnion: Chicago Promises Teachers Union It Will Reduce Class Sizes By Sending More Students To Jail https://t.co/gokV11PhsF https://t…,2019-10-24 02:20:00+00:00,0.3818,0.3818,0.3818,0.3818
TheOnion,363,NBA Heads To Northeast Farms For Annual Basketball Picking https://t.co/2iq3eU4F2D https://t.co/rnYdqOdU37,2019-10-24 01:49:05+00:00,0.0,0.0,0.0,0.0
TheOnion,364,"""We sampled God on pretty much every track, so if He doesn’t sign off, then I’m pretty much screwed."" https://t.co/8HoThCYoB9",2019-10-24 00:58:00+00:00,0.8176,0.8176,0.8176,0.8176
TheOnion,365,Local Dumbfuck On Jumbotron Waits Until Last Damn Second To Wave https://t.co/H3cXvo1ly9 https://t.co/HPyhv5LGIo,2019-10-24 00:27:04+00:00,-0.4019,-0.4019,-0.4019,-0.4019
TheOnion,366,RT @TheOnion: ‘So People Could Be Listening To This Conversation Right Now?’ Asks Joe Rogan Trying To Understand Edward Snowden’s Explanati…,2019-10-23 23:36:00+00:00,0.0,0.0,0.0,0.0
TheOnion,367,From The Archives: Mitt Romney Adopts New ‘Ronnie Ferocious’ Persona For Debates https://t.co/jNcAfShdOP https://t.co/NpDCp7RyQO,2019-10-23 22:55:06+00:00,0.1779,0.1779,0.1779,0.1779
TheOnion,368,Trudeau Wins Second Term https://t.co/BZbvUF8R4d #WhatDoYouThink? https://t.co/b9qQ9EH8Q9,2019-10-23 22:14:05+00:00,0.5719,0.5719,0.5719,0.5719
TheOnion,369,RT @ClickHole: Yikes: A New Study Shows That Open-Plan Offices Decrease Productivity For All Employees Except For The Most Annoying Guy The…,2019-10-23 21:33:00+00:00,-0.4576,-0.4576,-0.4576,-0.4576
TheOnion,370,Pelicans HR Informs Zion Williamson Knee Surgery Not Covered By Insurance Until 90 Days Into First Season https://t.co/dECSfoMJCR https://t.co/w2M3Buo07c,2019-10-23 21:02:11+00:00,0.0,0.0,0.0,0.0
TheOnion,371,"Many experts have warned that the global market is in the midst of a financial bubble that could lead to a crisis. The Onion provides a step-by-step guide to how financial bubbles form, grow, and ultimately burst. https://t.co/mu0f0hKDlf https://t.co/4aUEJxGji5",2019-10-23 20:46:00+00:00,-0.7351,-0.7351,-0.7351,-0.7351
TheOnion,372,How Financial Bubbles Work https://t.co/mu0f0hKDlf https://t.co/FC0rC3Sjdr,2019-10-23 20:31:08+00:00,0.0,0.0,0.0,0.0
TheOnion,373,Nation’s Moms Get Started On Their Sorta-Funky Witch Costumes https://t.co/R0e6HOAEsH https://t.co/Gp1UVP5HwR,2019-10-23 20:00:18+00:00,-0.3612,-0.3612,-0.3612,-0.3612
TheOnion,374,Walls Of Congress Dissolve Into Endless Blue Void As Zuckerberg Informs Lawmakers There No Way To Escape Facebook https://t.co/FNkJg02v86 https://t.co/8Iaq5nedvm,2019-10-23 19:29:08+00:00,-0.128,-0.128,-0.128,-0.128
TheOnion,375,Chemists Announce Upgraded Periodic Table With Dozens Of New Elements For Just $4 A Month https://t.co/dxaj2z5ERF https://t.co/ktskx4ZT8N,2019-10-23 18:58:06+00:00,0.0,0.0,0.0,0.0
TheOnion,376,WeWork HR Invites Employees To Sign Goodbye Checks For Departing CEO https://t.co/7YYBQ34Y4g https://t.co/pmvGxDFkvx,2019-10-23 18:27:04+00:00,0.0,0.0,0.0,0.0
TheOnion,377,Chicago Promises Teachers Union It Will Reduce Class Sizes By Sending More Students To Jail https://t.co/gokV11PhsF https://t.co/kRmklXSN94,2019-10-23 17:56:06+00:00,0.3818,0.3818,0.3818,0.3818
TheOnion,378,Poll Finds Buttigieg Rises To Third Place In Iowa https://t.co/JVV2UN5sMf #WhatDoYouThink? https://t.co/YPikcx8x2G,2019-10-23 17:25:04+00:00,0.0,0.0,0.0,0.0
TheOnion,379,Kanye West Scrambling To Get Sample Clearance From God Ahead Of ‘Jesus Is King’ Release https://t.co/yDlk2S2P15 https://t.co/iBkHt94A3X,2019-10-23 16:55:11+00:00,0.2732,0.2732,0.2732,0.2732
TheOnion,380,‘So People Could Be Listening To This Conversation Right Now?’ Asks Joe Rogan Trying To Understand Edward Snowden’s Explanation Of Surveillance https://t.co/0HUAIljJub https://t.co/OAo11U3O4J,2019-10-23 16:24:15+00:00,0.0,0.0,0.0,0.0
TheOnion,381,Badass Adult Education Student Spends Whole Vegetarian Cooking Class Mouthing Off https://t.co/pNUdUlAxPk https://t.co/Dk588S8kgo,2019-10-23 15:52:07+00:00,0.34,0.34,0.34,0.34
TheOnion,382,Juan Soto Sheepishly Asks Group Of Nationals Fans Entering Liquor Store If They Can Buy Beer For Him After Win https://t.co/Izg5MYiLPD https://t.co/6jeAsmWjis,2019-10-23 15:21:10+00:00,0.5859,0.5859,0.5859,0.5859
TheOnion,383,Report Finds One In Five Americans Struggle With Properly Masking Depression https://t.co/G9neWKah8U https://t.co/84YpvZR5pH,2019-10-23 14:42:06+00:00,-0.7184,-0.7184,-0.7184,-0.7184
TheOnion,384,"""I realize your budget is limited and we’re not going to get the Haunted Mansion’s spectral ballroom, but the least you could strive for is accuracy and verisimilitude in your depiction of classic horror characters and tropes."" https://t.co/vvTiAqcdXo https://t.co/AqBxOfFrRE",2019-10-23 13:53:05+00:00,-0.8201,-0.8201,-0.8201,-0.8201
TheOnion,385,High School Freshman Thinks ‘Romeo And Juliet’ Might Just Be Her Favorite Play https://t.co/31ExCo6Lu6 https://t.co/2S3MCOsXHz,2019-10-23 13:04:06+00:00,0.6597,0.6597,0.6597,0.6597
TheOnion,386,Japanese Businessman Found Hiding On Golf Course Thinks Mid-'80s Economic Boom Still Going On https://t.co/MQvFPkMcs3 https://t.co/39EVoa052G,2019-10-23 12:15:02+00:00,-0.296,-0.296,-0.296,-0.296
TheOnion,387,RT @ClickHole: Fascinating: The BBC Just Revealed That They Record David Attenborough’s ‘Planet Earth’ Narration In Advance And Then The Ev…,2019-10-23 04:54:01+00:00,0.5423,0.5423,0.5423,0.5423
TheOnion,388,How To Know If Someone’s Lying To You https://t.co/VYlMSDuvPV,2019-10-23 04:15:00+00:00,-0.5267,-0.5267,-0.5267,-0.5267
TheOnion,389,Debate Raging As To Whether Michael Jordan Or LeBron James Biggest Asshole To Ever Play Basketball https://t.co/gNWR6QOGsX https://t.co/WLDOd4fl5P,2019-10-23 03:36:03+00:00,-0.25,-0.25,-0.25,-0.25
TheOnion,390,"To see more unmatched reporting, visit https://t.co/csf5QUbhed. https://t.co/3YYsplZTY6",2019-10-23 02:57:09+00:00,-0.1513,-0.1513,-0.1513,-0.1513
TheOnion,391,Red Lobster Criticized For Decimating Biscuit Populations Along Cheddar Bay https://t.co/7OLf9tpdGr https://t.co/e5e8NQDamd,2019-10-23 02:18:06+00:00,-0.3612,-0.3612,-0.3612,-0.3612
TheOnion,392,RT @TheOnion: Bus Tour Takes Fans Down Iconic ‘Joker’ Stairs https://t.co/j7yTY7qnzM https://t.co/AMFpFCso2h,2019-10-23 01:39:00+00:00,0.0,0.0,0.0,0.0
TheOnion,393,Disturbing MLB Postseason Commercial Claims October Is When The Maggots Feast On Rotting Pig Flesh https://t.co/mvfjeS734l https://t.co/YkIv5uOIMS,2019-10-23 01:00:13+00:00,-0.5106,-0.5106,-0.5106,-0.5106
TheOnion,394,5 Things To Know About Mick Mulvaney https://t.co/be9gW0ZAui,2019-10-23 00:21:00+00:00,0.0,0.0,0.0,0.0
TheOnion,395,RT @ClickHole: Go Easy On Him: Your Son Is Embarrassed Enough As It Is After Getting Caught Practicing Kissing With The Dog https://t.co/SX…,2019-10-22 23:42:00+00:00,0.6249,0.6249,0.6249,0.6249
TheOnion,396,Kidnapper Pleasantly Surprised To Find Word ‘Ransom’ In Magazine He Cutting Letters Out Of https://t.co/Zb13i0CFo6 https://t.co/VgCu65GnuE,2019-10-22 23:03:09+00:00,0.5423,0.5423,0.5423,0.5423
TheOnion,397,Netanyahu Fails To Form New Israeli Government https://t.co/gkJDmhZNPm #WhatDoYouThink? https://t.co/fbBgqgJVd5,2019-10-22 22:34:08+00:00,-0.4215,-0.4215,-0.4215,-0.4215
TheOnion,398,Trump Cancels White House Subscription To ‘Highlights’ Over Anti-Goofus Bias https://t.co/0l0h6Kn21I https://t.co/5UYnKdbvJX,2019-10-22 22:05:08+00:00,-0.3182,-0.3182,-0.3182,-0.3182
TheOnion,399,Secret Service Opens Fire On Section Of Slippery Floor That Attempted To Take Out President Carter https://t.co/VhGMcJk3UV https://t.co/Uo2qrkw2AC,2019-10-22 21:36:06+00:00,-0.34,-0.34,-0.34,-0.34
TheOnion,400,"This Week's Editorial Cartoon: ""Leaftime Achievement Adored"" https://t.co/nA4JbO2BsQ https://t.co/lpDIswr2jz",2019-10-22 21:07:03+00:00,0.4215,0.4215,0.4215,0.4215
TheOnion,401,Pelicans Doctors Recommend Zion Williamson Drop Some Height To Lessen Stress On Injured Knee https://t.co/txEWAl72Tu https://t.co/4V9EMm9jLV,2019-10-22 20:38:09+00:00,-0.6249,-0.6249,-0.6249,-0.6249
TheOnion,402,Trump Apologizes For Impeachment Comment After Learning Disturbing History Of 1918 Lynching Of German American Immigrant Robert Prager https://t.co/wlhdMsJTew https://t.co/RwdLHvo1RZ,2019-10-22 20:09:52+00:00,-0.2023,-0.2023,-0.2023,-0.2023
TheOnion,403,Area Woman Will Have To Be Way More Fucking Pregnant Than That If She Wants To Be Offered Subway Seat https://t.co/jmmrWoH6pW https://t.co/z4Eb0Z2djJ,2019-10-22 19:40:11+00:00,0.0,0.0,0.0,0.0
TheOnion,404,Bus Tour Takes Fans Down Iconic ‘Joker’ Stairs https://t.co/j7yTY7qnzM https://t.co/AMFpFCso2h,2019-10-22 19:11:04+00:00,0.0,0.0,0.0,0.0
TheOnion,405,C.C. Sabathia: ‘The Onion’ Looks Back On The Career Of The Hardest-Working Belt In Baseball https://t.co/lyjdD83zw5 https://t.co/75wBSjSsoI,2019-10-22 18:42:03+00:00,0.0,0.0,0.0,0.0
TheOnion,406,Jimmy Carter Forced To Remove Dozens Of Genital Piercings Before Entering MRI Machine https://t.co/zxspQIzcdP https://t.co/gCl3GTLDSk,2019-10-22 18:13:08+00:00,-0.4588,-0.4588,-0.4588,-0.4588
TheOnion,407,Tragic: The Man Who Tried To Bring Attention To The Crisis Of Gaming Lag By Sailing Across The Ocean On A PS4 Has Already Drowned https://t.co/xHtqndrigC https://t.co/oKQCLb3W9V,2019-10-22 17:44:23+00:00,-0.9246,-0.9246,-0.9246,-0.9246
TheOnion,408,"Perky 'Canada' Has Own Government, Laws https://t.co/lfpvbRMsct https://t.co/7O2Pmph7fx",2019-10-22 17:15:08+00:00,0.0,0.0,0.0,0.0
TheOnion,409,Poll: Fewer Americans Identifying As Religious https://t.co/FsXrfO6YYn #WhatDoYouThink? https://t.co/4oWBRU3BMS,2019-10-22 16:33:08+00:00,0.0,0.0,0.0,0.0
TheOnion,410,Newly Discovered Scrolls Suggest Jesus Devoured Twin Messiah In Womb https://t.co/rR75lr4FCA https://t.co/HI82mg9MJQ,2019-10-22 16:01:09+00:00,0.0,0.0,0.0,0.0
TheOnion,411,FIFA Unveils Strict New Rule Limiting Fans To 5 Racist Chants Per Game https://t.co/0vaMQIYpBV https://t.co/kwMFB3MJfs,2019-10-22 15:29:05+00:00,-0.6124,-0.6124,-0.6124,-0.6124
TheOnion,412,"Your Horoscopes — Week Of October 22, 2019 https://t.co/mVyJPqkPRe https://t.co/Q0tNqAnFfI",2019-10-22 14:58:03+00:00,0.0,0.0,0.0,0.0
TheOnion,413,Gap Between Rich And Poor Named 8th Wonder Of The World https://t.co/k0HgCUYfj4 https://t.co/KYJsJKM9v7,2019-10-22 14:27:06+00:00,0.128,0.128,0.128,0.128
TheOnion,414,Woman Already Off To Bad Start As Mother After Requesting Epidural https://t.co/62wKKnpTlE https://t.co/G211ctA8kI,2019-10-22 13:38:04+00:00,-0.5423,-0.5423,-0.5423,-0.5423
TheOnion,415,Vespa Corporation Enchants Another Slight Little Man-Child https://t.co/HmO4eNC2nY https://t.co/IpIxws22tk,2019-10-22 12:49:06+00:00,0.0,0.0,0.0,0.0
TheOnion,416,Grandma In Nursing Home Starts Adorable Little Sexual Relationship https://t.co/YoN1vQRQFy https://t.co/f1NpopvS27,2019-10-22 12:00:22+00:00,0.4939,0.4939,0.4939,0.4939
TheOnion,417,"For more exemplary journalism, visit https://t.co/csf5QUbhed. https://t.co/D78Bhau1s5",2019-10-22 04:13:06+00:00,0.0,0.0,0.0,0.0
TheOnion,418,RT @ClickHole: Latest Attack: The Islamic State Has Reluctantly Claimed Credit For A Crying Man Who Threw A Flip-Flop At The Presidential M…,2019-10-22 03:32:00+00:00,-0.6124,-0.6124,-0.6124,-0.6124
TheOnion,419,"""I like Tulsi, but when we talk, everything’s all about her, as if she’s the only person in the world with problems."" https://t.co/v0idn5S5Z1",2019-10-22 02:51:00+00:00,0.1901,0.1901,0.1901,0.1901
TheOnion,420,Female Friends Spend Raucous Night Validating The Living Shit Out Of Each Other https://t.co/d29518hdsW https://t.co/Sr97VIgHKe,2019-10-22 02:10:03+00:00,0.2263,0.2263,0.2263,0.2263
TheOnion,421,"""If there’s anything that the rise of Silicon Valley has taught us, it’s that in order to make trailblazing breakthroughs in cruelty and technological oppression, we need to empower the private sector."" https://t.co/XN1kLaGv5p",2019-10-22 01:29:00+00:00,-0.5994,-0.5994,-0.5994,-0.5994
TheOnion,422,Scientists Discover 99% Of NFL Players’ Brains Slimy https://t.co/yOR2XwkusG https://t.co/ERDZlUUylg,2019-10-22 00:48:04+00:00,0.0,0.0,0.0,0.0
TheOnion,423,"""What a fucking liar."" https://t.co/MU0KoN5ZtY",2019-10-22 00:07:00+00:00,0.0,0.0,0.0,0.0
TheOnion,424,White Male Privilege Squandered On Job At Best Buy https://t.co/ufZyXndrSI https://t.co/4oIILCOvcd,2019-10-21 23:26:06+00:00,0.7717,0.7717,0.7717,0.7717
TheOnion,425,Energy Secretary Rick Perry Resigns https://t.co/qN5k6qwomx #WhatDoYouThink? https://t.co/HmM4RKtmei,2019-10-21 22:45:06+00:00,-0.0516,-0.0516,-0.0516,-0.0516
TheOnion,426,RT @ClickHole: Aww: Animal Experts Are Saying Cats Really Do Miss Their Owners If That’s What You Need To Hear https://t.co/ygGmR4MgdZ http…,2019-10-21 22:04:00+00:00,-0.2212,-0.2212,-0.2212,-0.2212
TheOnion,427,Scientists Discover Oil Originally Buried Deep Underground By Early Humans Desperate To Shield Humanity From Its Consequences https://t.co/jCZWbZaadh https://t.co/7QQiBviCbH,2019-10-21 21:33:07+00:00,-0.3182,-0.3182,-0.3182,-0.3182
TheOnion,428,"From The Archives: ‘I’m Just Here To Win Football Games,’ Says 22-Year-Old Draft Pick Who Will Get Everyone Fired https://t.co/CtgLnEvIY8 https://t.co/zXmq93oQPf",2019-10-21 21:02:06+00:00,0.0516,0.0516,0.0516,0.0516
TheOnion,429,Director Sadly States Cancel Culture Would Never Let You Make Zapruder Film In Today’s Climate https://t.co/CGZC4OSWHm https://t.co/VVRjE19jI3,2019-10-21 20:31:10+00:00,-0.5859,-0.5859,-0.5859,-0.5859
TheOnion,430,Study Finds Medical Marijuana Effective For Treating Long-Term Pain Over Jerry Garcia’s Death https://t.co/XVR8ty1CkM https://t.co/lVzvjZMLL6,2019-10-21 20:00:09+00:00,-0.6249,-0.6249,-0.6249,-0.6249
TheOnion,431,Assad Starting To Feel Like Friendship With Tulsi Gabbard One-Sided After She Calls Just To Complain About The Election Again https://t.co/l4YBQdgulW https://t.co/FRtbMWOhOK,2019-10-21 19:29:15+00:00,0.4404,0.4404,0.4404,0.4404
TheOnion,432,"New ‘Watchmen’ Series Features Bearded, Pretentious Graphic Novelist Constantly Complaining About How New Characters Ruining Everything https://t.co/AFgaoO3YSI https://t.co/J1BwVp3jUG",2019-10-21 18:58:05+00:00,-0.4215,-0.4215,-0.4215,-0.4215
TheOnion,433,Community Holds Vigil Honoring Child Killed Before Having Opportunity To Return Fire https://t.co/OSL39IkuwE https://t.co/QZrZYXBfLT,2019-10-21 18:27:05+00:00,-0.2023,-0.2023,-0.2023,-0.2023
TheOnion,434,Everything You Need To Know About ‘Luigi's Mansion 3’ https://t.co/xxYhQA2p3R https://t.co/aJby57p6fk,2019-10-21 17:56:04+00:00,0.0,0.0,0.0,0.0
TheOnion,435,Mark Zuckerberg Argues High Taxes On Wealthy Could Stifle Innovation In Human Suffering https://t.co/chWzZ219CY https://t.co/m2q3UH9qCR,2019-10-21 17:25:07+00:00,-0.1531,-0.1531,-0.1531,-0.1531
TheOnion,436,Drama Queen Waiter Completely Full of Shit About Plate Being Too Hot To Touch https://t.co/A3TIR6Sflp https://t.co/4v6LXSp2kQ,2019-10-21 16:54:04+00:00,-0.5945,-0.5945,-0.5945,-0.5945
TheOnion,437,Paranoid Trump Surrounded By Completely Unfamiliar Faces Of Immediate Family Members https://t.co/a6d5h9fFgE https://t.co/26Kwo8bIFw,2019-10-21 16:23:04+00:00,-0.25,-0.25,-0.25,-0.25
TheOnion,438,Juul Halts Sale Of Fruit-Flavored E-Cigarettes https://t.co/bkeaGhNcij #WhatDoYouThink? https://t.co/qFC5Hwniny,2019-10-21 15:52:02+00:00,0.0,0.0,0.0,0.0
TheOnion,439,Day Chalked Up As Loss By 10:15 A.M. https://t.co/B4AvB29qt4 https://t.co/l7EYocOgjk,2019-10-21 15:15:06+00:00,-0.3182,-0.3182,-0.3182,-0.3182
TheOnion,440,Tupperware Will Never Truly Recover From Red Curry Leftovers https://t.co/SNDmBT7QC5 https://t.co/v7ImQIn9v1,2019-10-21 14:36:08+00:00,-0.3412,-0.3412,-0.3412,-0.3412
TheOnion,441,Impressive New Hire Figures Out Bare Minimum Of Work Job Requires On First Day https://t.co/HRoHykOk4y https://t.co/1YwUOCpvQw,2019-10-21 13:47:05+00:00,0.5106,0.5106,0.5106,0.5106
TheOnion,442,Financial Experts Recommend Young Grifters Start Laying Groundwork For Long Con By 25 https://t.co/tHyCHVzesc https://t.co/s7xS8pkxXH,2019-10-21 12:58:07+00:00,0.3612,0.3612,0.3612,0.3612
TheOnion,443,Horrified Nurses Discover 40-Pound Baby After Accidentally Leaving It In Incubator Over Weekend https://t.co/KSamSHn4p6 https://t.co/rE1ItiIqnh,2019-10-21 12:09:03+00:00,-0.7096,-0.7096,-0.7096,-0.7096
TheOnion,444,Resistance Democrats Cheer Nancy Pelosi After Viral Photo Surfaces Of Her Sitting Quietly And Deferring To Room Of Corporate Lobbyists https://t.co/wymQvecRA8 https://t.co/b99rX49GdY,2019-10-21 03:14:05+00:00,0.3818,0.3818,0.3818,0.3818
TheOnion,445,Stunned Family Watches As Grandmother Wolfs Down Sandwich In 33 Minutes https://t.co/kuwNjFUSSI https://t.co/9d3veNOsB9,2019-10-21 01:31:02+00:00,-0.1027,-0.1027,-0.1027,-0.1027
TheOnion,446,‘You’ll Never Take Me Alive!’ Shouts Giuliani Jumping Onto Chandelier And Immediately Falling 3 Stories https://t.co/1QDsyAbQK3 https://t.co/GWXKRzCINn,2019-10-20 23:48:06+00:00,-0.2244,-0.2244,-0.2244,-0.2244
TheOnion,447,"Unemployed Dad Channels All His Energy Into Creating, Running Haunted House https://t.co/jCWz1KrNO4 https://t.co/3R7Ckoi0QV",2019-10-20 22:05:03+00:00,0.0516,0.0516,0.0516,0.0516
TheOnion,448,NFL To Donate All October Passing Yards To Breast Cancer Research https://t.co/XRD8XciP3p https://t.co/xehUeNfX37,2019-10-20 20:22:03+00:00,-0.6597,-0.6597,-0.6597,-0.6597
TheOnion,449,NFL Urges Pass Rushers To Try Reaching Peaceful Resolution With Quarterbacks Before Resorting To Tackling https://t.co/AtJBfOJXXP https://t.co/3m9pKltnxn,2019-10-20 18:39:04+00:00,0.6124,0.6124,0.6124,0.6124
TheOnion,450,Pete Buttigieg Tries Appealing To Moderate Boomers By Announcing He Doesn’t Agree With His Choice To Be Gay But Respects His Decision https://t.co/u9jtdzUZek https://t.co/M4CtoKxtDi,2019-10-20 16:56:04+00:00,0.5719,0.5719,0.5719,0.5719
TheOnion,451,God Starting To Worry Heaven May Be Haunted https://t.co/67tap2ioE7 https://t.co/yOdTHp0MpG,2019-10-20 15:13:05+00:00,-0.1531,-0.1531,-0.1531,-0.1531
TheOnion,452,Tulsi Gabbard Clearly Vying For Spot On 2020 Election Wikipedia Page https://t.co/JQwHv61dEm https://t.co/RS5MlzVlCr,2019-10-20 13:30:08+00:00,0.4019,0.4019,0.4019,0.4019
TheOnion,453,Bernie Sanders Renounces Call For Economic Equality After Brush With Death Teaches Him Money Isn’t Everything https://t.co/lRxjPoMsWf https://t.co/8yQqIA5ELT,2019-10-20 02:03:05+00:00,-0.5994,-0.5994,-0.5994,-0.5994
TheOnion,454,Dad Way Scarier When Controlling Temper https://t.co/B7jhBnf7Vn https://t.co/yTx3TQpupP,2019-10-20 00:26:04+00:00,-0.4215,-0.4215,-0.4215,-0.4215
TheOnion,455,Hunter Biden Admits It Was Poor Judgment To Be Involved With Corrupt Biden Family https://t.co/EJoqU8J6g0 https://t.co/WVekx2iPpt,2019-10-19 22:49:01+00:00,-0.2263,-0.2263,-0.2263,-0.2263
TheOnion,456,All-Business Adult In Halloween Shop Beelines It Straight For Pinhead Mask https://t.co/4oFz0bS3hz https://t.co/eUbEqdukHA,2019-10-19 21:12:03+00:00,0.2263,0.2263,0.2263,0.2263
TheOnion,457,"This Week's Editorial Cartoon: ""Wings And A Pair"" https://t.co/wPogOHGHPe https://t.co/BozV3VSOlw",2019-10-19 19:35:03+00:00,0.0,0.0,0.0,0.0
TheOnion,458,Everyone In Sears Spanking A Child https://t.co/WY5ekw3OUO https://t.co/cRl8plsPVL,2019-10-19 17:58:06+00:00,0.0,0.0,0.0,0.0
TheOnion,459,Nation’s CEOs Sign Pledge To Continue Fucking Over Americans https://t.co/YD3TxDKhE5 https://t.co/eAvQQPrGW9,2019-10-19 16:21:07+00:00,0.0,0.0,0.0,0.0
TheOnion,460,Biggest Mistake Of Life Dressed Up As Pumpkin https://t.co/UDAgD8XDKY https://t.co/zIeatrktSS,2019-10-19 14:44:04+00:00,-0.34,-0.34,-0.34,-0.34
TheOnion,461,Jubilant ISIS Prisoners Hail American Liberators https://t.co/wwHkHEFWjx https://t.co/xRzY1RPPGv,2019-10-19 13:07:05+00:00,0.25,0.25,0.25,0.25
TheOnion,462,Report: Girlfriend’s Parents Could Hear Everything https://t.co/Pww7avtQkL https://t.co/Na8rL5UsaY,2019-10-19 03:49:08+00:00,0.0,0.0,0.0,0.0
TheOnion,463,Haunted House Guests Escorted Into VIP Section Where They Can Touch The Performers https://t.co/MAjfaS9n51 https://t.co/g4ZWko4vPH,2019-10-19 03:40:04+00:00,0.2342,0.2342,0.2342,0.2342
TheOnion,464,"For more world-renowned reportage, visit https://t.co/csf5QUbhed. https://t.co/jjxjAw7YW9",2019-10-19 03:08:06+00:00,0.0,0.0,0.0,0.0
TheOnion,465,RT @ClickHole: Lucky Break For Wendy’s: A Woman Found A Dead Rat In Her Wendy’s Fries And She’s Absolutely Ecstatic About It https://t.co/L…,2019-10-19 02:27:00+00:00,0.2716,0.2716,0.2716,0.2716
TheOnion,466,"""I would like to assure you that The Cube knows all, sees all, and judges all—it is the ultimate arbiter, and from now on, it will tell us the correct course of action in all situations."" https://t.co/LChmBVy3bm",2019-10-19 01:46:00+00:00,0.5994,0.5994,0.5994,0.5994
TheOnion,467,House Haunted By Tortured Souls Of Current Residents https://t.co/iCpSH7X2kc https://t.co/TVvg7HPTtm,2019-10-19 01:05:03+00:00,-0.7717,-0.7717,-0.7717,-0.7717
TheOnion,468,"Spooky City proprietor Curtis Hawkins noted that except for the Exxon station, the Goodwill store, and a vape shop, every single retail space he looked at on Main Street was vacant. https://t.co/1BF7BexjTh",2019-10-19 00:24:01+00:00,0.0,0.0,0.0,0.0
TheOnion,469,Furious Maitre D’ Can Only Assume Hostess Didn’t Realize She Was Addressing Everlast https://t.co/JTIHtlUC72 https://t.co/rSpSwaSZlD,2019-10-18 23:43:06+00:00,-0.5719,-0.5719,-0.5719,-0.5719
TheOnion,470,RT @TheOnion: Pete Buttigieg Tries Appealing To Moderate Boomers By Announcing He Doesn’t Agree With His Choice To Be Gay But Respects His…,2019-10-18 23:02:00+00:00,0.5719,0.5719,0.5719,0.5719
TheOnion,471,Trump Miami Resort To Host Next Year’s G-7 https://t.co/n6DkH87tLr #WhatDoYouThink? https://t.co/bvQEFpyekE,2019-10-18 22:21:06+00:00,0.0,0.0,0.0,0.0
TheOnion,472,RT @ClickHole: Legal Quandary: These Two Brothers Have Been Looking At Each Other’s Penises Through Telescopes For 72 Straight Hours And Th…,2019-10-18 21:40:01+00:00,0.34,0.34,0.34,0.34
TheOnion,473,Music Buff Pissed ‘Come Josephine In My Flying Machine’ Left Off Pitchfork’s ‘Best Of The 1910s’ List https://t.co/kesuftZyYH https://t.co/e6YxP0GHcC,2019-10-18 20:59:08+00:00,-0.6369,-0.6369,-0.6369,-0.6369
TheOnion,474,Popular New Amazon Service Just Comes To Your House And Kills You https://t.co/qH2Br7kyhf https://t.co/fAt1uMtgtj,2019-10-18 20:28:06+00:00,0.0,0.0,0.0,0.0
TheOnion,475,New Crest Sweepstakes Offers Chance To Win 10 Million Teeth https://t.co/CgutsfMwU0 https://t.co/eok1wPQPHd,2019-10-18 19:57:06+00:00,0.7003,0.7003,0.7003,0.7003
TheOnion,476,"""You said Facebook would be a new way for everyone to connect and make friends, but I’ve noticed most of those connections are kind of superficial. I think the site has probably done more dividing than uniting, don’t you, Daddy?"" https://t.co/wLyBWCr0DM https://t.co/VarV1IsV7M",2019-10-18 19:26:08+00:00,0.2617,0.2617,0.2617,0.2617
TheOnion,477,Dad Figures Funeral Just As Good A Time As Any To Try Out New Camera Lens https://t.co/mQ1SOqv2m1 https://t.co/NeNsoai7ta,2019-10-18 18:55:04+00:00,0.1027,0.1027,0.1027,0.1027
TheOnion,478,"World’s Insect Leaders Attend G20,000,000,000 Summit https://t.co/pnp2S8rdBt https://t.co/YI6S8AMYMk",2019-10-18 18:24:37+00:00,0.0,0.0,0.0,0.0
TheOnion,479,Mark Zuckerberg Announces All Of Facebook’s Future Decisions Will Be Made By The Cube Of Justice https://t.co/45QcUQBebi https://t.co/W33PMXhB3i,2019-10-18 17:53:07+00:00,0.5267,0.5267,0.5267,0.5267
TheOnion,480,Halloween Pop-Up Store Has Pick Of Every Storefront In Rust Belt Town https://t.co/VxwswJZxhI https://t.co/xGq9HFqbKk,2019-10-18 17:22:05+00:00,0.0,0.0,0.0,0.0
TheOnion,481,The ubiquity of smartphones has made it easy for people to film live performances. The Onion breaks down the arguments for and against amateur filming of live performances. https://t.co/9qn2IMslZ0 https://t.co/0htgAOjbPI,2019-10-18 17:06:00+00:00,0.0516,0.0516,0.0516,0.0516
TheOnion,482,Arguments For And Against Filming Live Performances https://t.co/9qn2IMslZ0 https://t.co/2CIKTRmCMu,2019-10-18 16:51:03+00:00,-0.4019,-0.4019,-0.4019,-0.4019
TheOnion,483,Pete Buttigieg Tries Appealing To Moderate Boomers By Announcing He Doesn’t Agree With His Choice To Be Gay But Respects His Decision https://t.co/LaJrOSTLCB https://t.co/7C3EVA6bWL,2019-10-18 16:20:10+00:00,0.5719,0.5719,0.5719,0.5719
TheOnion,484,"NFL Game Day Prepper Stockpiles Coolers Of Bud Light, Hundreds Of Pounds Of Grilled Meat In Underground Bunker https://t.co/oOotUN9PMD https://t.co/TAEzK5ygaW",2019-10-18 15:49:06+00:00,0.0,0.0,0.0,0.0
TheOnion,485,Trump Says Syria Situation ‘Not Our Problem’ https://t.co/pqYp7KZRxu #WhatDoYouThink? https://t.co/3u1GXJ9Isy,2019-10-18 15:18:04+00:00,0.0,0.0,0.0,0.0
TheOnion,486,Cows Trample Dozens Of Lobsters To Death In Escalating Surf ’N’ Turf War https://t.co/XxTccoj3up https://t.co/x8c5vhbOlx,2019-10-18 14:41:06+00:00,-0.8316,-0.8316,-0.8316,-0.8316
TheOnion,487,Ethical Hunter Throws Duck He Shot Back Into Sky https://t.co/5KfdytMbSZ https://t.co/2AXKIJqDPZ,2019-10-18 13:54:06+00:00,0.5106,0.5106,0.5106,0.5106
TheOnion,488,Police Headquarters Completes New Addition To Accommodate Officers On Desk Duty For Misconduct https://t.co/sP3BXmUTTT https://t.co/W7iXtxWMXx,2019-10-18 13:07:04+00:00,0.0,0.0,0.0,0.0
TheOnion,489,American Medical Association Changes Stance On Self-Immolation https://t.co/dsWVU0NVlA https://t.co/qkcj3F5UtK,2019-10-18 12:20:08+00:00,0.0,0.0,0.0,0.0
TheOnion,490,Inspired Man Bolts Out Of Bed At 3 A.M. To Jot Down Great New Worry https://t.co/P3Hujv9UZV https://t.co/FmWOfjIEU1,2019-10-18 08:00:11+00:00,0.6597,0.6597,0.6597,0.6597
TheOnion,491,"RT @ClickHole: Oh, Jesus: It Smells Like Something Got Into This List Of Harry Styles Pics And Died https://t.co/1cJr9vSNA6 https://t.co/6Y…",2019-10-18 03:12:01+00:00,-0.2732,-0.2732,-0.2732,-0.2732
TheOnion,492,Visit https://t.co/csf5QUbhed to see more from the standard bearer of global journalism. https://t.co/qP1XxK3c2u,2019-10-18 02:31:07+00:00,0.0,0.0,0.0,0.0
TheOnion,493,"Newly Engaged Couple Receives Incredible Outpouring Of Insincerity From Family, Friends https://t.co/Czz7DoqRpM https://t.co/QAib0ZuwIi",2019-10-18 01:50:06+00:00,0.5267,0.5267,0.5267,0.5267
TheOnion,494,"""Christ, if only 100,000 to 200,000 things don’t go my way, that could be me."" https://t.co/IFbJWlx2qG",2019-10-18 01:09:00+00:00,0.0,0.0,0.0,0.0
TheOnion,495,Joe Buck Tears Rotator Cuff After Awkward Throw Down To Sideline https://t.co/GZpKWfZDpa https://t.co/rLCbKsfDd6,2019-10-18 00:28:05+00:00,-0.3612,-0.3612,-0.3612,-0.3612
TheOnion,496,5 Things To Know About ‘Maleficent: Mistress Of Evil’ https://t.co/jpqJTG9e8S,2019-10-17 23:47:00+00:00,0.0,0.0,0.0,0.0
TheOnion,497,Humanity Surprised It Still Hasn’t Figured Out Better Alternative To Letting Power-Hungry Assholes Decide Everything https://t.co/Gle8JcEfIz https://t.co/Zb0HiNGnh8,2019-10-17 23:06:09+00:00,0.0,0.0,0.0,0.0
TheOnion,498,"“Hell yes, succumb to corporate pressure, queen! The Democratic war chest is bae.” https://t.co/T1A1CpeOXi",2019-10-17 22:25:00+00:00,-0.5707,-0.5707,-0.5707,-0.5707
TheOnion,499,Mark Zuckerberg Delivers Free Speech Manifesto https://t.co/ZTHTbWYmw8 #WhatDoYouThink? https://t.co/8kNTknBI7z,2019-10-17 21:54:05+00:00,0.5106,0.5106,0.5106,0.5106
TheOnion,500,RT @ClickHole: Did ‘Sesame Street’ Go Too Far When Mr. Snuffleupagus Got Killed By Poachers And Had His Tongue Ground Up And Made Into A Te…,2019-10-17 21:23:00+00:00,-0.6705,-0.6705,-0.6705,-0.6705
